project	sample_date	read_date	media	incubation_temperature	id	dilution_factor	colony_count	sample_vol_uL	CFU_per_mL	k-12_stock_generation_date	tan_colony_count_CFU	culturing_notes
Test2	3/15/2023	03/16/2023	mTEC	NA	via_faecalis	1.00E+00	0	20	0.00E+00	NA
Test2	3/15/2023	03/16/2023	mTEC	NA	LL-1-0-U	1.00E+00	0	20	0.00E+00	2/13/23
Test2	3/15/2023	03/16/2023	mTEC	NA	LL-1-R-U	1.00E+00	0	20	0.00E+00	2/13/23	4
Test2	3/15/2023	03/16/2023	mTEC	15	LL-1-R-K	1.00E+03	9	20	4.50E+05	2/13/23
Test2	3/15/2023	03/16/2023	mTEC	15	LL-1-R-K	1.00E+04	1	20	5.00E+05	2/13/23
Test2	3/15/2023	03/16/2023	mTEC	15	LL-1-R-K	1.00E+05	0	20	0.00E+00	2/13/23
Test2	3/15/2023	03/16/2023	mTEC	20	LL-1-R-K	1.00E+03	2	20	1.00E+05	2/13/23
Test2	3/15/2023	03/16/2023	mTEC	20	LL-1-R-K	1.00E+04	0	20	0.00E+00	2/13/23
Test2	3/15/2023	03/16/2023	mTEC	20	LL-1-R-K	1.00E+05	0	20	0.00E+00	2/13/23
Test2	3/15/2023	03/16/2023	mTEC	15	LL-1-F-K	1.00E+03	9	20	4.50E+05	2/13/23
Test2	3/15/2023	03/16/2023	mTEC	15	LL-1-F-K	1.00E+04	0	20	0.00E+00	2/13/23
Test2	3/15/2023	03/16/2023	mTEC	15	LL-1-F-K	1.00E+05	0	20	0.00E+00	2/13/23
Test2	3/15/2023	03/16/2023	mTEC	20	LL-1-F-K	1.00E+03	4	20	2.00E+05	2/13/23
Test2	3/15/2023	03/16/2023	mTEC	20	LL-1-F-K	1.00E+04	1	20	5.00E+05	2/13/23
Test2	3/15/2023	03/16/2023	mTEC	20	LL-1-F-K	1.00E+05	0	20	0.00E+00	2/13/23
Test2	3/15/2023	03/16/2023	mTEC	NA	pos_k12_gly	1.00E+04	108	20	5.40E+07	2/13/23
Test2	3/15/2023	03/16/2023	mTEC	NA	pos_k12_gly	1.00E+05	12	20	6.00E+07	2/13/23
Test2	3/15/2023	03/16/2023	mTEC	NA	pos_k12_gly	1.00E+06	2	20	1.00E+08	2/13/23
Test2	3/15/2023	03/16/2023	NuA	NA	via_faecalis	1.00E+00	Lawn	20	Lawn	2/13/23
Test2	3/16/2023	03/16/2023	mTEC	15	LL-1-R-K	1.00E+00	TNTC	20	TNTC	2/13/23	35
Test2	3/16/2023	03/16/2023	mTEC	15	LL-1-R-K	1.00E+01	267	20	1.34E+05	2/13/23	5
Test2	3/16/2023	03/16/2023	mTEC	15	LL-1-R-K	1.00E+02	4	20	2.00E+04	2/13/23
Test2	3/16/2023	03/16/2023	mTEC	20	LL-1-R-K	1.00E+00	TNTC	20	TNTC	2/13/23
Test2	3/16/2023	03/16/2023	mTEC	20	LL-1-R-K	1.00E+01	46	20	2.30E+04	2/13/23	30
Test2	3/16/2023	03/16/2023	mTEC	20	LL-1-R-K	1.00E+02	0	20	0.00E+00	2/13/23	4
Test2	3/16/2023	03/16/2023	mTEC	15	LL-1-F-K	1.00E+00	TNTC	20	TNTC	2/13/23
Test2	3/16/2023	03/16/2023	mTEC	15	LL-1-F-K	1.00E+01	267	20	1.34E+05	2/13/23
Test2	3/16/2023	03/16/2023	mTEC	15	LL-1-F-K	1.00E+02	0	20	0.00E+00	2/13/23
Test2	3/16/2023	03/16/2023	mTEC	20	LL-1-F-K	1.00E+00	TNTC	20	TNTC	2/13/23
Test2	3/16/2023	03/16/2023	mTEC	20	LL-1-F-K	1.00E+01	183	20	9.15E+04	2/13/23
Test2	3/16/2023	03/16/2023	mTEC	20	LL-1-F-K	1.00E+02	0	20	0.00E+00	2/13/23
PelletEx2	4/6/23	04/07/2023	mTEC	NA	blank_only	1.00E+00	0	20	0.00E+00	NA
PelletEx2	4/6/23	04/07/2023	mTEC	NA	via_faecalis	1.00E+00	0	20	0.00E+00	NA
PelletEx2	4/6/23	04/07/2023	NuA	NA	via_faecalis	1.00E+00	Lawn	20	Lawn	NA
PelletEx2	4/6/23	04/07/2023	mTEC	NA	pos_k12_working_Base	1.00E+03	TNTC	20	TNTC	2/13/23
PelletEx2	4/6/23	04/07/2023	mTEC	NA	pos_k12_working_Base	1.00E+04	83	20	4.15E+07	2/13/23
PelletEx2	4/6/23	04/07/2023	mTEC	NA	pos_k12_working_Base	1.00E+05	4	20	2.00E+07	2/13/23
PelletEx2	4/6/23	04/07/2023	mTEC	NA	pos_k12_working_Base	1.00E+06	3	20	1.50E+08	2/13/23		Noticed this plate had an indent so did another at the same dilution; no colonies grew where indent was
PelletEx2	4/6/23	04/07/2023	mTEC	NA	pos_k12_working_Base	1.00E+06	2	20	1.00E+08	2/13/23		This is a duplicate of 10^6 on a plate w no indent
PelletEx2	4/6/23	04/07/2023	mTEC	NA	pos_k12_working_Base	1.00E+07	0	20	0.00E+00	2/13/23
PelletEx2	4/6/23	04/07/2023	mTEC	NA	pos_k12_working_ShorterCycle	1.00E+03	TNTC	20	TNTC	2/13/23
PelletEx2	4/6/23	04/07/2023	mTEC	NA	pos_k12_working_ShorterCycle	1.00E+04	278	20	1.39E+08	2/13/23		No colonies in the middle of the plate; formed a ring around the center
PelletEx2	4/6/23	04/07/2023	mTEC	NA	pos_k12_working_ShorterCycle	1.00E+05	37	20	1.85E+08	2/13/23
PelletEx2	4/6/23	04/07/2023	mTEC	NA	pos_k12_working_ShorterCycle	1.00E+06	3	20	1.50E+08	2/13/23
PelletEx2	4/6/23	04/07/2023	mTEC	NA	pos_k12_working_ShorterCycle	1.00E+07	1	20	5.00E+08	2/13/23
PelletEx2	4/6/23	04/07/2023	mTEC	NA	pos_k12_working_1Wash	1.00E+03	TNTC	20	TNTC	2/13/23
PelletEx2	4/6/23	04/07/2023	mTEC	NA	pos_k12_working_1Wash	1.00E+04	162	20	8.10E+07	2/13/23
PelletEx2	4/6/23	04/07/2023	mTEC	NA	pos_k12_working_1Wash	1.00E+05	9	20	4.50E+07	2/13/23
PelletEx2	4/6/23	04/07/2023	mTEC	NA	pos_k12_working_1Wash	1.00E+06	0	20	0.00E+00	2/13/23
PelletEx2	4/6/23	04/07/2023	mTEC	NA	pos_k12_working_1Wash	1.00E+07	0	20	0.00E+00	2/13/23
PelletEx3	4/13/23	04/14/2023	mTEC	NA	blank_only	1.00E+00	0	20	0.00E+00	2/13/23
PelletEx3	4/13/23	04/14/2023	mTEC	NA	via_faecalis	1.00E+00	0	20	0.00E+00	2/13/23
PelletEx3	4/13/23	04/14/2023	NuA	NA	via_faecalis	1.00E+00	Lawn	20	Lawn	2/13/23
PelletEx3	4/13/23	04/14/2023	mTEC	NA	pos_k12_working_RT	1.00E+03	TNTC	20	TNTC	2/13/23
PelletEx3	4/13/23	04/14/2023	mTEC	NA	pos_k12_working_RT	1.00E+04	79	20	3.95E+07	2/13/23
PelletEx3	4/13/23	04/14/2023	mTEC	NA	pos_k12_working_RT	1.00E+05	7	20	3.50E+07	2/13/23
PelletEx3	4/13/23	04/14/2023	mTEC	NA	pos_k12_working_RT	1.00E+06	0	20	0.00E+00	2/13/23
PelletEx3	4/13/23	04/14/2023	mTEC	NA	pos_k12_working_RT	1.00E+07	0	20	0.00E+00	2/13/23
PelletEx3	4/13/23	04/14/2023	mTEC	NA	pos_k12_working_37C	1.00E+03	TNTC	20	TNTC	2/13/23
PelletEx3	4/13/23	04/14/2023	mTEC	NA	pos_k12_working_37C	1.00E+04	213	20	1.07E+08	2/13/23
PelletEx3	4/13/23	04/14/2023	mTEC	NA	pos_k12_working_37C	1.00E+05	31	20	1.55E+08	2/13/23
PelletEx3	4/13/23	04/14/2023	mTEC	NA	pos_k12_working_37C	1.00E+06	3	20	1.50E+08	2/13/23
PelletEx3	4/13/23	04/14/2023	mTEC	NA	pos_k12_working_37C	1.00E+07	0	20	0.00E+00	2/13/23
PelletEx3	4/13/23	04/14/2023	mTEC	NA	pos_k12_log	1.00E+02	6	20	3.00E+04	2/13/23
PelletEx3	4/13/23	04/14/2023	mTEC	NA	pos_k12_log	1.00E+03	0	20	0.00E+00	2/13/23
PelletEx3	4/13/23	04/14/2023	mTEC	NA	pos_k12_log	1.00E+04	0	20	0.00E+00	2/13/23
PelletEx3	4/13/23	04/14/2023	mTEC	NA	pos_k12_log	1.00E+05	0	20	0.00E+00	2/13/23
PelletEx3	4/13/23	04/14/2023	mTEC	NA	pos_k12_log	1.00E+06	0	20	0.00E+00	2/13/23
PelletEx3	4/13/23	04/14/2023	mTEC	NA	pos_k12_gly_log_new	1.00E+02	1	20	5.00E+03	2/13/23
PelletEx3	4/13/23	04/14/2023	mTEC	NA	pos_k12_gly_log_normal	1.00E+02	7	20	3.50E+04	2/13/23
PelletEx3	4/13/23	04/14/2023	mTEC	NA	pos_k12_gly_log_no_spin	1.00E+02	7	20	3.50E+04	2/13/23
grazing	4/19/23	04/20/2023	mTEC	15	B-1-F-K-T0	1.00E+03	12	20	6.00E+05
grazing	4/19/23	04/20/2023	mTEC	15	B-1-F-K-T0	1.00E+02	101	20	5.05E+05
grazing	4/19/23	04/20/2023	mTEC	15	B-1-F-K-T0	1.00E+01	TNTC	20	TNTC
grazing	4/19/23	04/20/2023	mTEC	15	B-1-F-K-T0	1.00E+00	TNTC	20	TNTC
grazing	4/19/23	04/20/2023	mTEC	15	B-2-F-K-T0	1.00E+03	10	20	5.00E+05
grazing	4/19/23	04/20/2023	mTEC	15	B-2-F-K-T0	1.00E+02	122	20	6.10E+05
grazing	4/19/23	04/20/2023	mTEC	15	B-2-F-K-T0	1.00E+01	TNTC	20	TNTC
grazing	4/19/23	04/20/2023	mTEC	15	B-2-F-K-T0	1.00E+00	TNTC	20	TNTC
grazing	4/19/23	04/20/2023	mTEC	15	B-1-25-K-T0	1.00E+03	8	20	4.00E+05
grazing	4/19/23	04/20/2023	mTEC	15	B-1-25-K-T0	1.00E+02	119	20	5.95E+05
grazing	4/19/23	04/20/2023	mTEC	15	B-1-25-K-T0	1.00E+01	TNTC	20	TNTC
grazing	4/19/23	04/20/2023	mTEC	15	B-1-25-K-T0	1.00E+00	TNTC	20	TNTC
grazing	4/19/23	04/20/2023	mTEC	15	B-2-25-K-T0	1.00E+03	17	20	8.50E+05
grazing	4/19/23	04/20/2023	mTEC	15	B-2-25-K-T0	1.00E+02	147	20	7.35E+05
grazing	4/19/23	04/20/2023	mTEC	15	B-2-25-K-T0	1.00E+01	TNTC	20	TNTC
grazing	4/19/23	04/20/2023	mTEC	15	B-2-25-K-T0	1.00E+00	TNTC	20	TNTC
grazing	4/19/23	04/20/2023	mTEC	15	B-1-50-K-T0	1.00E+03	10	20	5.00E+05
grazing	4/19/23	04/20/2023	mTEC	15	B-1-50-K-T0	1.00E+02	132	20	6.60E+05
grazing	4/19/23	04/20/2023	mTEC	15	B-1-50-K-T0	1.00E+01	TNTC	20	TNTC
grazing	4/19/23	04/20/2023	mTEC	15	B-1-50-K-T0	1.00E+00	TNTC	20	TNTC
grazing	4/19/23	04/20/2023	mTEC	15	B-2-50-K-T0	1.00E+03	9	20	4.50E+05
grazing	4/19/23	04/20/2023	mTEC	15	B-2-50-K-T0	1.00E+02	130	20	6.50E+05
grazing	4/19/23	04/20/2023	mTEC	15	B-2-50-K-T0	1.00E+01	TNTC	20	TNTC
grazing	4/19/23	04/20/2023	mTEC	15	B-2-50-K-T0	1.00E+00	TNTC	20	TNTC
grazing	4/19/23	04/20/2023	mTEC	15	B-1-75-K-T0	1.00E+03	14	20	7.00E+05
grazing	4/19/23	04/20/2023	mTEC	15	B-1-75-K-T0	1.00E+02	116	20	5.80E+05
grazing	4/19/23	04/20/2023	mTEC	15	B-1-75-K-T0	1.00E+01	TNTC	20	TNTC
grazing	4/19/23	04/20/2023	mTEC	15	B-1-75-K-T0	1.00E+00	TNTC	20	TNTC
grazing	4/19/23	04/20/2023	mTEC	15	B-2-75-K-T0	1.00E+03	7	20	3.50E+05
grazing	4/19/23	04/20/2023	mTEC	15	B-2-75-K-T0	1.00E+02	140	20	7.00E+05
grazing	4/19/23	04/20/2023	mTEC	15	B-2-75-K-T0	1.00E+01	TNTC	20	TNTC
grazing	4/19/23	04/20/2023	mTEC	15	B-2-75-K-T0	1.00E+00	TNTC	20	TNTC
grazing	4/19/23	04/20/2023	mTEC	15	B-1-R-K-T0	1.00E+03	11	20	5.50E+05
grazing	4/19/23	04/20/2023	mTEC	15	B-1-R-K-T0	1.00E+02	132	20	6.60E+05
grazing	4/19/23	04/20/2023	mTEC	15	B-1-R-K-T0	1.00E+01	TNTC	20	TNTC
grazing	4/19/23	04/20/2023	mTEC	15	B-1-R-K-T0	1.00E+00	TNTC	20	TNTC
grazing	4/19/23	04/20/2023	mTEC	15	B-2-R-K-T0	1.00E+03	16	20	8.00E+05
grazing	4/19/23	04/20/2023	mTEC	15	B-2-R-K-T0	1.00E+02	128	20	6.40E+05
grazing	4/19/23	04/20/2023	mTEC	15	B-2-R-K-T0	1.00E+01	TNTC	20	TNTC
grazing	4/19/23	04/20/2023	mTEC	15	B-2-R-K-T0	1.00E+00	TNTC	20	TNTC
grazing	4/19/23	04/20/2023	mTEC	NA	B-TEC-F-U-T0	1.00E+00	0	20	0.00E+00
grazing	4/19/23	04/20/2023	mTEC	NA	B-TEC-R-U-T0	1.00E+02	0	20	0.00E+00
grazing	4/19/23	04/20/2023	mTEC	NA	B-TEC-R-U-T0	1.00E+01	0	20	0.00E+00
grazing	4/19/23	04/20/2023	mTEC	NA	B-TEC-R-U-T0	1.00E+00	0	20	0.00E+00
grazing	4/19/23	04/20/2023	mTEC	NA	-TEC-N-U-T0	1.00E+00	0	20	0.00E+00
grazing	4/19/23	04/20/2023	mTEC	NA	-TEC--K-	1.00E+06	1	20	5.00E+07
grazing	4/19/23	04/20/2023	mTEC	NA	-TEC--K-	1.00E+05	17	20	8.50E+07
grazing	4/19/23	04/20/2023	mTEC	NA	-TEC--K-	1.00E+04	147	20	7.35E+07
grazing	4/19/23	04/20/2023	mTEC	NA	-TEC-N-U-	1.00E+00	0	20	0.00E+00
grazing	4/19/23	04/20/2023	mTEC	NA	-TEC--F-	1.00E+00	0	20	0.00E+00
grazing	4/19/23	04/20/2023	NuA	NA	-NuA-F	1.00E+00	Lawn	20	Lawn
grazing	4/20/23	04/21/2023	mTEC	15	B-1-F-K-T1	1.00E+03	1	20	5.00E+04
grazing	4/20/23	04/21/2023	mTEC	15	B-1-F-K-T1	1.00E+02	9	20	4.50E+04
grazing	4/20/23	04/21/2023	mTEC	15	B-1-F-K-T1	1.00E+01	85	20	4.25E+04
grazing	4/20/23	04/21/2023	mTEC	15	B-1-F-K-T1	1.00E+00	TNTC	20	TNTC
grazing	4/20/23	04/21/2023	mTEC	15	B-2-F-K-T1	1.00E+03	1	20	5.00E+04
grazing	4/20/23	04/21/2023	mTEC	15	B-2-F-K-T1	1.00E+02	11	20	5.50E+04
grazing	4/20/23	04/21/2023	mTEC	15	B-2-F-K-T1	1.00E+01	132	20	6.60E+04
grazing	4/20/23	04/21/2023	mTEC	15	B-2-F-K-T1	1.00E+00	TNTC	20	TNTC
grazing	4/20/23	04/21/2023	mTEC	15	B-1-25-K-T1	1.00E+03	0	20	0.00E+00
grazing	4/20/23	04/21/2023	mTEC	15	B-1-25-K-T1	1.00E+02	8	20	4.00E+04			Difficult to read handwriting
grazing	4/20/23	04/21/2023	mTEC	15	B-1-25-K-T1	1.00E+01	92	20	4.60E+04
grazing	4/20/23	04/21/2023	mTEC	15	B-1-25-K-T1	1.00E+00	TNTC	20	TNTC
grazing	4/20/23	04/21/2023	mTEC	15	B-2-25-K-T1	1.00E+03	0	20	0.00E+00
grazing	4/20/23	04/21/2023	mTEC	15	B-2-25-K-T1	1.00E+02	21	20	1.05E+05
grazing	4/20/23	04/21/2023	mTEC	15	B-2-25-K-T1	1.00E+01	97	20	4.85E+04
grazing	4/20/23	04/21/2023	mTEC	15	B-2-25-K-T1	1.00E+00	TNTC	20	TNTC
grazing	4/20/23	04/21/2023	mTEC	15	B-1-50-K-T1	1.00E+03	0	20	0.00E+00
grazing	4/20/23	04/21/2023	mTEC	15	B-1-50-K-T1	1.00E+02	16	20	8.00E+04
grazing	4/20/23	04/21/2023	mTEC	15	B-1-50-K-T1	1.00E+01	155	20	7.75E+04
grazing	4/20/23	04/21/2023	mTEC	15	B-1-50-K-T1	1.00E+00	TNTC	20	TNTC
grazing	4/20/23	04/21/2023	mTEC	15	B-2-50-K-T1	1.00E+03	0	20	0.00E+00
grazing	4/20/23	04/21/2023	mTEC	15	B-2-50-K-T1	1.00E+02	19	20	9.50E+04
grazing	4/20/23	04/21/2023	mTEC	15	B-2-50-K-T1	1.00E+01	53	20	2.65E+04
grazing	4/20/23	04/21/2023	mTEC	15	B-2-50-K-T1	1.00E+00	TNTC	20	TNTC
grazing	4/20/23	04/21/2023	mTEC	15	B-1-75-K-T1	1.00E+03	0	20	0.00E+00
grazing	4/20/23	04/21/2023	mTEC	15	B-1-75-K-T1	1.00E+02	21	20	1.05E+05
grazing	4/20/23	04/21/2023	mTEC	15	B-1-75-K-T1	1.00E+01	118	20	5.90E+04
grazing	4/20/23	04/21/2023	mTEC	15	B-1-75-K-T1	1.00E+00	TNTC	20	TNTC
grazing	4/20/23	04/21/2023	mTEC	15	B-2-75-K-T1	1.00E+03	0	20	0.00E+00
grazing	4/20/23	04/21/2023	mTEC	15	B-2-75-K-T1	1.00E+02	18	20	9.00E+04
grazing	4/20/23	04/21/2023	mTEC	15	B-2-75-K-T1	1.00E+01	102	20	5.10E+04
grazing	4/20/23	04/21/2023	mTEC	15	B-2-75-K-T1	1.00E+00	TNTC	20	TNTC
grazing	4/20/23	04/21/2023	mTEC	15	B-1-R-K-T1	1.00E+03	0	20	0.00E+00
grazing	4/20/23	04/21/2023	mTEC	15	B-1-R-K-T1	1.00E+02	27	20	1.35E+05
grazing	4/20/23	04/21/2023	mTEC	15	B-1-R-K-T1	1.00E+01	160	20	8.00E+04
grazing	4/20/23	04/21/2023	mTEC	15	B-1-R-K-T1	1.00E+00	TNTC	20	TNTC
grazing	4/20/23	04/21/2023	mTEC	15	B-2-R-K-T1	1.00E+03	1	20	5.00E+04
grazing	4/20/23	04/21/2023	mTEC	15	B-2-R-K-T1	1.00E+02	11	20	5.50E+04
grazing	4/20/23	04/21/2023	mTEC	15	B-2-R-K-T1	1.00E+01	80	20	4.00E+04
grazing	4/20/23	04/21/2023	mTEC	15	B-2-R-K-T1	1.00E+00	TNTC	20	TNTC
grazing	4/20/23	04/21/2023	mTEC	15	-TEC-N-U-T1	1.00E+00	1	20	5.00E+01			possibly because used same PBS as used in the pelleting cross contam
grazing	4/21/23	04/22/2023	mTEC	15	B-1-F-K-T2	1.00E+02	5	20	2.50E+04
grazing	4/21/23	04/22/2023	mTEC	15	B-1-F-K-T2	1.00E+01	30	20	1.50E+04
grazing	4/21/23	04/22/2023	mTEC	15	B-1-F-K-T2	1.00E+00	TNTC	20	TNTC
grazing	4/21/23	04/22/2023	mTEC	15	B-2-F-K-T2	1.00E+02	5	20	2.50E+04
grazing	4/21/23	04/22/2023	mTEC	15	B-2-F-K-T2	1.00E+01	35	20	1.75E+04
grazing	4/21/23	04/22/2023	mTEC	15	B-2-F-K-T2	1.00E+00	TNTC	20	TNTC
grazing	4/21/23	04/22/2023	mTEC	15	B-1-25-K-T2	1.00E+02	2	20	1.00E+04
grazing	4/21/23	04/22/2023	mTEC	15	B-1-25-K-T2	1.00E+01	46	20	2.30E+04
grazing	4/21/23	04/22/2023	mTEC	15	B-1-25-K-T2	1.00E+00	TNTC	20	TNTC
grazing	4/21/23	04/22/2023	mTEC	15	B-2-25-K-T2	1.00E+02	8	20	4.00E+04
grazing	4/21/23	04/22/2023	mTEC	15	B-2-25-K-T2	1.00E+01	32	20	1.60E+04
grazing	4/21/23	04/22/2023	mTEC	15	B-2-25-K-T2	1.00E+00	TNTC	20	TNTC
grazing	4/21/23	04/22/2023	mTEC	15	B-1-50-K-T2	1.00E+02	4	20	2.00E+04
grazing	4/21/23	04/22/2023	mTEC	15	B-1-50-K-T2	1.00E+01	37	20	1.85E+04
grazing	4/21/23	04/22/2023	mTEC	15	B-1-50-K-T2	1.00E+00	TNTC	20	TNTC
grazing	4/21/23	04/22/2023	mTEC	15	B-2-50-K-T2	1.00E+02	11	20	5.50E+04
grazing	4/21/23	04/22/2023	mTEC	15	B-2-50-K-T2	1.00E+01	37	20	1.85E+04
grazing	4/21/23	04/22/2023	mTEC	15	B-2-50-K-T2	1.00E+00	TNTC	20	TNTC
grazing	4/21/23	04/22/2023	mTEC	15	B-1-75-K-T2	1.00E+02	9	20	4.50E+04
grazing	4/21/23	04/22/2023	mTEC	15	B-1-75-K-T2	1.00E+01	32	20	1.60E+04
grazing	4/21/23	04/22/2023	mTEC	15	B-1-75-K-T2	1.00E+00	TNTC	20	TNTC
grazing	4/21/23	04/22/2023	mTEC	15	B-2-75-K-T2	1.00E+02	3	20	1.50E+04
grazing	4/21/23	04/22/2023	mTEC	15	B-2-75-K-T2	1.00E+01	46	20	2.30E+04
grazing	4/21/23	04/22/2023	mTEC	15	B-2-75-K-T2	1.00E+00	TNTC	20	TNTC
grazing	4/21/23	04/22/2023	mTEC	15	B-1-R-K-T2	1.00E+02	6	20	3.00E+04
grazing	4/21/23	04/22/2023	mTEC	15	B-1-R-K-T2	1.00E+01	37	20	1.85E+04
grazing	4/21/23	04/22/2023	mTEC	15	B-1-R-K-T2	1.00E+00	TNTC	20	TNTC
grazing	4/21/23	04/22/2023	mTEC	15	B-2-R-K-T2	1.00E+02	8	20	4.00E+04
grazing	4/21/23	04/22/2023	mTEC	15	B-2-R-K-T2	1.00E+01	34	20	1.70E+04
grazing	4/21/23	04/22/2023	mTEC	15	B-2-R-K-T2	1.00E+00	TNTC	20	TNTC
grazing	4/21/23	04/22/2023	mTEC	15	-TEC-N-U-T2	1.00E+00	0	20	0.00E+00
grazing	4/21/23	04/22/2023	mTEC	NA	-TEC-N-U-	1.00E+00	0	20	0.00E+00
grazing	4/26/2023	04/27/2023	mTEC	15	C-1-F-K-T0	1.00E+03	6	20	3.00E+05
grazing	4/26/2023	04/27/2023	mTEC	15	C-1-F-K-T0	1.00E+02	83	20	4.15E+05
grazing	4/26/2023	04/27/2023	mTEC	15	C-1-F-K-T0	1.00E+01	TNTC	20	TNTC
grazing	4/26/2023	04/27/2023	mTEC	15	C-1-F-K-T0	1.00E+00	TNTC	20	TNTC
grazing	4/26/2023	04/27/2023	mTEC	15	C-2-F-K-T0	1.00E+03	7	20	3.50E+05
grazing	4/26/2023	04/27/2023	mTEC	15	C-2-F-K-T0	1.00E+02	59	20	2.95E+05
grazing	4/26/2023	04/27/2023	mTEC	15	C-2-F-K-T0	1.00E+01	TNTC	20	TNTC
grazing	4/26/2023	04/27/2023	mTEC	15	C-2-F-K-T0	1.00E+00	TNTC	20	TNTC
grazing	4/26/2023	04/27/2023	mTEC	15	C-1-25-K-T0	1.00E+03	6	20	3.00E+05
grazing	4/26/2023	04/27/2023	mTEC	15	C-1-25-K-T0	1.00E+02	76	20	3.80E+05
grazing	4/26/2023	04/27/2023	mTEC	15	C-1-25-K-T0	1.00E+01	TNTC	20	TNTC
grazing	4/26/2023	04/27/2023	mTEC	15	C-1-25-K-T0	1.00E+00	TNTC	20	TNTC
grazing	4/26/2023	04/27/2023	mTEC	15	C-2-25-K-T0	1.00E+03	10	20	5.00E+05
grazing	4/26/2023	04/27/2023	mTEC	15	C-2-25-K-T0	1.00E+02	79	20	3.95E+05
grazing	4/26/2023	04/27/2023	mTEC	15	C-2-25-K-T0	1.00E+01	TNTC	20	TNTC
grazing	4/26/2023	04/27/2023	mTEC	15	C-2-25-K-T0	1.00E+00	TNTC	20	TNTC
grazing	4/26/2023	04/27/2023	mTEC	15	C-1-50-K-T0	1.00E+03	7	20	3.50E+05
grazing	4/26/2023	04/27/2023	mTEC	15	C-1-50-K-T0	1.00E+02	111	20	5.55E+05
grazing	4/26/2023	04/27/2023	mTEC	15	C-1-50-K-T0	1.00E+01	TNTC	20	TNTC
grazing	4/26/2023	04/27/2023	mTEC	15	C-1-50-K-T0	1.00E+00	TNTC	20	TNTC
grazing	4/26/2023	04/27/2023	mTEC	15	C-2-50-K-T0	1.00E+03	5	20	2.50E+05
grazing	4/26/2023	04/27/2023	mTEC	15	C-2-50-K-T0	1.00E+02	74	20	3.70E+05
grazing	4/26/2023	04/27/2023	mTEC	15	C-2-50-K-T0	1.00E+01	TNTC	20	TNTC
grazing	4/26/2023	04/27/2023	mTEC	15	C-2-50-K-T0	1.00E+00	TNTC	20	TNTC
grazing	4/26/2023	04/27/2023	mTEC	15	C-1-75-K-T0	1.00E+03	7	20	3.50E+05
grazing	4/26/2023	04/27/2023	mTEC	15	C-1-75-K-T0	1.00E+02	60	20	3.00E+05
grazing	4/26/2023	04/27/2023	mTEC	15	C-1-75-K-T0	1.00E+01	TNTC	20	TNTC
grazing	4/26/2023	04/27/2023	mTEC	15	C-1-75-K-T0	1.00E+00	TNTC	20	TNTC
grazing	4/26/2023	04/27/2023	mTEC	15	C-2-75-K-T0	1.00E+03	3	20	1.50E+05
grazing	4/26/2023	04/27/2023	mTEC	15	C-2-75-K-T0	1.00E+02	91	20	4.55E+05
grazing	4/26/2023	04/27/2023	mTEC	15	C-2-75-K-T0	1.00E+01	TNTC	20	TNTC
grazing	4/26/2023	04/27/2023	mTEC	15	C-2-75-K-T0	1.00E+00	TNTC	20	TNTC
grazing	4/26/2023	04/27/2023	mTEC	15	C-1-R-K-T0	1.00E+03	5	20	2.50E+05
grazing	4/26/2023	04/27/2023	mTEC	15	C-1-R-K-T0	1.00E+02	65	20	3.25E+05
grazing	4/26/2023	04/27/2023	mTEC	15	C-1-R-K-T0	1.00E+01	TNTC	20	TNTC
grazing	4/26/2023	04/27/2023	mTEC	15	C-1-R-K-T0	1.00E+00	TNTC	20	TNTC
grazing	4/26/2023	04/27/2023	mTEC	15	C-2-R-K-T0	1.00E+03	5	20	2.50E+05
grazing	4/26/2023	04/27/2023	mTEC	15	C-2-R-K-T0	1.00E+02	69	20	3.45E+05
grazing	4/26/2023	04/27/2023	mTEC	15	C-2-R-K-T0	1.00E+01	TNTC	20	TNTC
grazing	4/26/2023	04/27/2023	mTEC	15	C-2-R-K-T0	1.00E+00	TNTC	20	TNTC
grazing	4/26/2023	04/27/2023	mTEC	NA	C-TEC-F-U-T0	1.00E+00	0	20	0.00E+00
grazing	4/26/2023	04/27/2023	mTEC	NA	C-TEC-R-U-T0	1.00E+02	0	20	0.00E+00
grazing	4/26/2023	04/27/2023	mTEC	NA	C-TEC-R-U-T0	1.00E+01	0	20	0.00E+00
grazing	4/26/2023	04/27/2023	mTEC	NA	C-TEC-R-U-T0	1.00E+00	0	20	0.00E+00
grazing	4/26/2023	04/27/2023	mTEC	NA	-TEC-N-U-T0	1.00E+00	0	20	0.00E+00
grazing	4/26/2023	04/27/2023	mTEC	NA	-TEC--K-	1.00E+06	5	20	2.50E+08
grazing	4/26/2023	04/27/2023	mTEC	NA	-TEC--K-	1.00E+05	24	20	1.20E+08
grazing	4/26/2023	04/27/2023	mTEC	NA	-TEC--K-	1.00E+04	183	20	9.15E+07
grazing	4/26/2023	04/27/2023	mTEC	NA	-TEC-N-U-	1.00E+00	0	20	0.00E+00
grazing	4/26/2023	04/27/2023	mTEC	NA	-TEC--F-	1.00E+00	0	20	0.00E+00
grazing	4/26/2023	04/27/2023	mTEC	NA	-NuA-F	1.00E+00	Lawn	20	Lawn
grazing	4/27/2023	04/28/2023	mTEC	15	C-1-F-K-T1	1.00E+03	1	20	5.00E+04
grazing	4/27/2023	04/28/2023	mTEC	15	C-1-F-K-T1	1.00E+02	10	20	5.00E+04
grazing	4/27/2023	04/28/2023	mTEC	15	C-1-F-K-T1	1.00E+01	27	20	1.35E+04
grazing	4/27/2023	04/28/2023	mTEC	15	C-1-F-K-T1	1.00E+00	TNTC	20	TNTC
grazing	4/27/2023	04/28/2023	mTEC	15	C-2-F-K-T1	1.00E+03	0	20	0.00E+00
grazing	4/27/2023	04/28/2023	mTEC	15	C-2-F-K-T1	1.00E+02	7	20	3.50E+04
grazing	4/27/2023	04/28/2023	mTEC	15	C-2-F-K-T1	1.00E+01	67	20	3.35E+04
grazing	4/27/2023	04/28/2023	mTEC	15	C-2-F-K-T1	1.00E+00	TNTC	20	TNTC
grazing	4/27/2023	04/28/2023	mTEC	15	C-1-25-K-T1	1.00E+03	0	20	0.00E+00
grazing	4/27/2023	04/28/2023	mTEC	15	C-1-25-K-T1	1.00E+02	9	20	4.50E+04
grazing	4/27/2023	04/28/2023	mTEC	15	C-1-25-K-T1	1.00E+01	71	20	3.55E+04
grazing	4/27/2023	04/28/2023	mTEC	15	C-1-25-K-T1	1.00E+00	TNTC	20	TNTC
grazing	4/27/2023	04/28/2023	mTEC	15	C-2-25-K-T1	1.00E+03	0	20	0.00E+00
grazing	4/27/2023	04/28/2023	mTEC	15	C-2-25-K-T1	1.00E+02	2	20	1.00E+04
grazing	4/27/2023	04/28/2023	mTEC	15	C-2-25-K-T1	1.00E+01	79	20	3.95E+04
grazing	4/27/2023	04/28/2023	mTEC	15	C-2-25-K-T1	1.00E+00	TNTC	20	TNTC
grazing	4/27/2023	04/28/2023	mTEC	15	C-1-50-K-T1	1.00E+03	0	20	0.00E+00
grazing	4/27/2023	04/28/2023	mTEC	15	C-1-50-K-T1	1.00E+02	0	20	0.00E+00
grazing	4/27/2023	04/28/2023	mTEC	15	C-1-50-K-T1	1.00E+01	94	20	4.70E+04
grazing	4/27/2023	04/28/2023	mTEC	15	C-1-50-K-T1	1.00E+00	TNTC	20	TNTC
grazing	4/27/2023	04/28/2023	mTEC	15	C-2-50-K-T1	1.00E+03	1	20	5.00E+04
grazing	4/27/2023	04/28/2023	mTEC	15	C-2-50-K-T1	1.00E+02	1	20	5.00E+03
grazing	4/27/2023	04/28/2023	mTEC	15	C-2-50-K-T1	1.00E+01	49	20	2.45E+04
grazing	4/27/2023	04/28/2023	mTEC	15	C-2-50-K-T1	1.00E+00	156	20	7.80E+03
grazing	4/27/2023	04/28/2023	mTEC	15	C-1-75-K-T1	1.00E+03	0	20	0.00E+00
grazing	4/27/2023	04/28/2023	mTEC	15	C-1-75-K-T1	1.00E+02	5	20	2.50E+04
grazing	4/27/2023	04/28/2023	mTEC	15	C-1-75-K-T1	1.00E+01	60	20	3.00E+04
grazing	4/27/2023	04/28/2023	mTEC	15	C-1-75-K-T1	1.00E+00	TNTC	20	TNTC
grazing	4/27/2023	04/28/2023	mTEC	15	C-2-75-K-T1	1.00E+03	0	20	0.00E+00
grazing	4/27/2023	04/28/2023	mTEC	15	C-2-75-K-T1	1.00E+02	7	20	3.50E+04
grazing	4/27/2023	04/28/2023	mTEC	15	C-2-75-K-T1	1.00E+01	45	20	2.25E+04
grazing	4/27/2023	04/28/2023	mTEC	15	C-2-75-K-T1	1.00E+00	361	20	1.81E+04
grazing	4/27/2023	04/28/2023	mTEC	15	C-1-R-K-T1	1.00E+03	0	20	0.00E+00
grazing	4/27/2023	04/28/2023	mTEC	15	C-1-R-K-T1	1.00E+02	5	20	2.50E+04
grazing	4/27/2023	04/28/2023	mTEC	15	C-1-R-K-T1	1.00E+01	75	20	3.75E+04
grazing	4/27/2023	04/28/2023	mTEC	15	C-1-R-K-T1	1.00E+00	TNTC	20	TNTC
grazing	4/27/2023	04/28/2023	mTEC	15	C-2-R-K-T1	1.00E+03	0	20	0.00E+00
grazing	4/27/2023	04/28/2023	mTEC	15	C-2-R-K-T1	1.00E+02	10	20	5.00E+04
grazing	4/27/2023	04/28/2023	mTEC	15	C-2-R-K-T1	1.00E+01	60	20	3.00E+04
grazing	4/27/2023	04/28/2023	mTEC	15	C-2-R-K-T1	1.00E+00	TNTC	20	TNTC
grazing	4/27/2023	04/28/2023	mTEC	15	-TEC-N-U-T1	1.00E+00	0	20	0.00E+00
grazing	4/27/2023	04/28/2023	mTEC	NA	-TEC-N-U-	1.00E+00	0	20	0.00E+00
grazing	4/24/2023	04/25/2023	mTEC	15	D-1-F-K-T0	1.00E+03	0	20	0.00E+00
grazing	4/24/2023	04/25/2023	mTEC	15	D-1-F-K-T0	1.00E+02	7	20	3.50E+04
grazing	4/24/2023	04/25/2023	mTEC	15	D-1-F-K-T0	1.00E+01	237	20	1.19E+05
grazing	4/24/2023	04/25/2023	mTEC	15	D-1-F-K-T0	1.00E+00	TNTC	20	TNTC
grazing	4/24/2023	04/25/2023	mTEC	15	D-2-F-K-T0	1.00E+03	1	20	5.00E+04
grazing	4/24/2023	04/25/2023	mTEC	15	D-2-F-K-T0	1.00E+02	6	20	3.00E+04
grazing	4/24/2023	04/25/2023	mTEC	15	D-2-F-K-T0	1.00E+01	203	20	1.02E+05
grazing	4/24/2023	04/25/2023	mTEC	15	D-2-F-K-T0	1.00E+00	TNTC	20	TNTC
grazing	4/24/2023	04/25/2023	mTEC	15	D-1-25-K-T0	1.00E+03	2	20	1.00E+05
grazing	4/24/2023	04/25/2023	mTEC	15	D-1-25-K-T0	1.00E+02	5	20	2.50E+04
grazing	4/24/2023	04/25/2023	mTEC	15	D-1-25-K-T0	1.00E+01	232	20	1.16E+05
grazing	4/24/2023	04/25/2023	mTEC	15	D-1-25-K-T0	1.00E+00	TNTC	20	TNTC
grazing	4/24/2023	04/25/2023	mTEC	15	D-2-25-K-T0	1.00E+03	0	20	0.00E+00
grazing	4/24/2023	04/25/2023	mTEC	15	D-2-25-K-T0	1.00E+02	8	20	4.00E+04
grazing	4/24/2023	04/25/2023	mTEC	15	D-2-25-K-T0	1.00E+01	189	20	9.45E+04
grazing	4/24/2023	04/25/2023	mTEC	15	D-2-25-K-T0	1.00E+00	TNTC	20	TNTC
grazing	4/24/2023	04/25/2023	mTEC	15	D-1-50-K-T0	1.00E+03	0	20	0.00E+00
grazing	4/24/2023	04/25/2023	mTEC	15	D-1-50-K-T0	1.00E+02	16	20	8.00E+04
grazing	4/24/2023	04/25/2023	mTEC	15	D-1-50-K-T0	1.00E+01	153	20	7.65E+04
grazing	4/24/2023	04/25/2023	mTEC	15	D-1-50-K-T0	1.00E+00	TNTC	20	TNTC
grazing	4/24/2023	04/25/2023	mTEC	15	D-2-50-K-T0	1.00E+03	0	20	0.00E+00
grazing	4/24/2023	04/25/2023	mTEC	15	D-2-50-K-T0	1.00E+02	18	20	9.00E+04
grazing	4/24/2023	04/25/2023	mTEC	15	D-2-50-K-T0	1.00E+01	252	20	1.26E+05
grazing	4/24/2023	04/25/2023	mTEC	15	D-2-50-K-T0	1.00E+00	TNTC	20	TNTC
grazing	4/24/2023	04/25/2023	mTEC	15	D-1-75-K-T0	1.00E+03	3	20	1.50E+05
grazing	4/24/2023	04/25/2023	mTEC	15	D-1-75-K-T0	1.00E+02	9	20	4.50E+04
grazing	4/24/2023	04/25/2023	mTEC	15	D-1-75-K-T0	1.00E+01	291	20	1.46E+05
grazing	4/24/2023	04/25/2023	mTEC	15	D-1-75-K-T0	1.00E+00	TNTC	20	TNTC
grazing	4/24/2023	04/25/2023	mTEC	15	D-2-75-K-T0	1.00E+03	0	20	0.00E+00
grazing	4/24/2023	04/25/2023	mTEC	15	D-2-75-K-T0	1.00E+02	12	20	6.00E+04
grazing	4/24/2023	04/25/2023	mTEC	15	D-2-75-K-T0	1.00E+01	191	20	9.55E+04
grazing	4/24/2023	04/25/2023	mTEC	15	D-2-75-K-T0	1.00E+00	TNTC	20	TNTC
grazing	4/24/2023	04/25/2023	mTEC	15	D-1-R-K-T0	1.00E+03	0	20	0.00E+00
grazing	4/24/2023	04/25/2023	mTEC	15	D-1-R-K-T0	1.00E+02	9	20	4.50E+04
grazing	4/24/2023	04/25/2023	mTEC	15	D-1-R-K-T0	1.00E+01	219	20	1.10E+05
grazing	4/24/2023	04/25/2023	mTEC	15	D-1-R-K-T0	1.00E+00	TNTC	20	TNTC
grazing	4/24/2023	04/25/2023	mTEC	15	D-2-R-K-T0	1.00E+03	2	20	1.00E+05
grazing	4/24/2023	04/25/2023	mTEC	15	D-2-R-K-T0	1.00E+02	11	20	5.50E+04
grazing	4/24/2023	04/25/2023	mTEC	15	D-2-R-K-T0	1.00E+01	226	20	1.13E+05
grazing	4/24/2023	04/25/2023	mTEC	15	D-2-R-K-T0	1.00E+00	TNTC	20	TNTC
grazing	4/24/2023	04/25/2023	mTEC	15	D-1-C1-K-T0	1.00E+03	11	20	5.50E+05
grazing	4/24/2023	04/25/2023	mTEC	15	D-1-C1-K-T0	1.00E+02	18	20	9.00E+04
grazing	4/24/2023	04/25/2023	mTEC	15	D-1-C1-K-T0	1.00E+01	385	20	1.93E+05
grazing	4/24/2023	04/25/2023	mTEC	15	D-1-C1-K-T0	1.00E+00	TNTC	20	TNTC
grazing	4/24/2023	04/25/2023	mTEC	15	D-2-C1-K-T0	1.00E+03	0	20	0.00E+00
grazing	4/24/2023	04/25/2023	mTEC	15	D-2-C1-K-T0	1.00E+02	25	20	1.25E+05
grazing	4/24/2023	04/25/2023	mTEC	15	D-2-C1-K-T0	1.00E+01	282	20	1.41E+05
grazing	4/24/2023	04/25/2023	mTEC	15	D-2-C1-K-T0	1.00E+00	TNTC	20	TNTC
grazing	4/24/2023	04/25/2023	mTEC	15	D-1-C2-K-T0	1.00E+03	1	20	5.00E+04
grazing	4/24/2023	04/25/2023	mTEC	15	D-1-C2-K-T0	1.00E+02	27	20	1.35E+05
grazing	4/24/2023	04/25/2023	mTEC	15	D-1-C2-K-T0	1.00E+01	293	20	1.47E+05
grazing	4/24/2023	04/25/2023	mTEC	15	D-1-C2-K-T0	1.00E+00	TNTC	20	TNTC
grazing	4/24/2023	04/25/2023	mTEC	15	D-2-C2-K-T0	1.00E+03	1	20	5.00E+04
grazing	4/24/2023	04/25/2023	mTEC	15	D-2-C2-K-T0	1.00E+02	14	20	7.00E+04
grazing	4/24/2023	04/25/2023	mTEC	15	D-2-C2-K-T0	1.00E+01	176	20	8.80E+04
grazing	4/24/2023	04/25/2023	mTEC	15	D-2-C2-K-T0	1.00E+00	TNTC	20	TNTC
grazing	4/24/2023	04/25/2023	mTEC	NA	D-TEC-F-U-T0	1.00E+00	0	20	0.00E+00
grazing	4/24/2023	04/25/2023	mTEC	NA	D-TEC-R-U-T0	1.00E+02	0	20	0.00E+00
grazing	4/24/2023	04/25/2023	mTEC	NA	D-TEC-R-U-T0	1.00E+01	0	20	0.00E+00
grazing	4/24/2023	04/25/2023	mTEC	NA	D-TEC-R-U-T0	1.00E+00	0	20	0.00E+00
grazing	4/24/2023	04/25/2023	mTEC	NA	D-TEC-C2-U-T0	1.00E+02	0	20	0.00E+00
grazing	4/24/2023	04/25/2023	mTEC	NA	D-TEC-C2-U-T0	1.00E+01	0	20	0.00E+00
grazing	4/24/2023	04/25/2023	mTEC	NA	D-TEC-C2-U-T0	1.00E+00	0	20	0.00E+00
grazing	4/24/2023	04/25/2023	mTEC	NA	-TEC-N-U-T0	1.00E+00	0	20	0.00E+00
grazing	4/24/2023	04/25/2023	mTEC	NA	-TEC--K-	1.00E+06	2	20	1.00E+08
grazing	4/24/2023	04/25/2023	mTEC	NA	-TEC--K-	1.00E+05	15	20	7.50E+07
grazing	4/24/2023	04/25/2023	mTEC	NA	-TEC--K-	1.00E+04	144	20	7.20E+07
grazing	4/24/2023	04/25/2023	mTEC	NA	-TEC-N-U-	1.00E+00	0	20	0.00E+00
grazing	4/24/2023	04/25/2023	mTEC	NA	-TEC--F-	1.00E+00	0	20	0.00E+00
grazing	4/24/2023	04/25/2023	mTEC	NA	-NuA-F	1.00E+00	Lawn	20	Lawn
grazing	4/25/2023	04/26/2023	mTEC	15	D-1-F-K-T1	1.00E+03	0	20	0.00E+00
grazing	4/25/2023	04/26/2023	mTEC	15	D-1-F-K-T1	1.00E+02	9	20	4.50E+04
grazing	4/25/2023	04/26/2023	mTEC	15	D-1-F-K-T1	1.00E+01	381	20	1.91E+05
grazing	4/25/2023	04/26/2023	mTEC	15	D-1-F-K-T1	1.00E+00	TNTC	20	TNTC
grazing	4/25/2023	04/26/2023	mTEC	15	D-2-F-K-T1	1.00E+03	0	20	0.00E+00
grazing	4/25/2023	04/26/2023	mTEC	15	D-2-F-K-T1	1.00E+02	4	20	2.00E+04
grazing	4/25/2023	04/26/2023	mTEC	15	D-2-F-K-T1	1.00E+01	173	20	8.65E+04
grazing	4/25/2023	04/26/2023	mTEC	15	D-2-F-K-T1	1.00E+00	TNTC	20	TNTC
grazing	4/25/2023	04/26/2023	mTEC	15	D-1-25-K-T1	1.00E+03	0	20	0.00E+00
grazing	4/25/2023	04/26/2023	mTEC	15	D-1-25-K-T1	1.00E+02	3	20	1.50E+04
grazing	4/25/2023	04/26/2023	mTEC	15	D-1-25-K-T1	1.00E+01	235	20	1.18E+05
grazing	4/25/2023	04/26/2023	mTEC	15	D-1-25-K-T1	1.00E+00	TNTC	20	TNTC
grazing	4/25/2023	04/26/2023	mTEC	15	D-2-25-K-T1	1.00E+03	0	20	0.00E+00
grazing	4/25/2023	04/26/2023	mTEC	15	D-2-25-K-T1	1.00E+02	7	20	3.50E+04
grazing	4/25/2023	04/26/2023	mTEC	15	D-2-25-K-T1	1.00E+01	85	20	4.25E+04
grazing	4/25/2023	04/26/2023	mTEC	15	D-2-25-K-T1	1.00E+00	TNTC	20	TNTC
grazing	4/25/2023	04/26/2023	mTEC	15	D-1-50-K-T1	1.00E+03	0	20	0.00E+00
grazing	4/25/2023	04/26/2023	mTEC	15	D-1-50-K-T1	1.00E+02	3	20	1.50E+04
grazing	4/25/2023	04/26/2023	mTEC	15	D-1-50-K-T1	1.00E+01	253	20	1.27E+05
grazing	4/25/2023	04/26/2023	mTEC	15	D-1-50-K-T1	1.00E+00	TNTC	20	TNTC
grazing	4/25/2023	04/26/2023	mTEC	15	D-2-50-K-T1	1.00E+03	0	20	0.00E+00
grazing	4/25/2023	04/26/2023	mTEC	15	D-2-50-K-T1	1.00E+02	2	20	1.00E+04
grazing	4/25/2023	04/26/2023	mTEC	15	D-2-50-K-T1	1.00E+01	201	20	1.01E+05
grazing	4/25/2023	04/26/2023	mTEC	15	D-2-50-K-T1	1.00E+00	TNTC	20	TNTC
grazing	4/25/2023	04/26/2023	mTEC	15	D-1-75-K-T1	1.00E+03	0	20	0.00E+00
grazing	4/25/2023	04/26/2023	mTEC	15	D-1-75-K-T1	1.00E+02	4	20	2.00E+04
grazing	4/25/2023	04/26/2023	mTEC	15	D-1-75-K-T1	1.00E+01	222	20	1.11E+05		1
grazing	4/25/2023	04/26/2023	mTEC	15	D-1-75-K-T1	1.00E+00	TNTC	20	TNTC
grazing	4/25/2023	04/26/2023	mTEC	15	D-2-75-K-T1	1.00E+03	0	20	0.00E+00
grazing	4/25/2023	04/26/2023	mTEC	15	D-2-75-K-T1	1.00E+02	3	20	1.50E+04
grazing	4/25/2023	04/26/2023	mTEC	15	D-2-75-K-T1	1.00E+01	157	20	7.85E+04
grazing	4/25/2023	04/26/2023	mTEC	15	D-2-75-K-T1	1.00E+00	TNTC	20	TNTC
grazing	4/25/2023	04/26/2023	mTEC	15	D-1-R-K-T1	1.00E+03	0	20	0.00E+00
grazing	4/25/2023	04/26/2023	mTEC	15	D-1-R-K-T1	1.00E+02	2	20	1.00E+04
grazing	4/25/2023	04/26/2023	mTEC	15	D-1-R-K-T1	1.00E+01	218	20	1.09E+05		3
grazing	4/25/2023	04/26/2023	mTEC	15	D-1-R-K-T1	1.00E+00	TNTC	20	TNTC		7
grazing	4/25/2023	04/26/2023	mTEC	15	D-2-R-K-T1	1.00E+03	0	20	0.00E+00
grazing	4/25/2023	04/26/2023	mTEC	15	D-2-R-K-T1	1.00E+02	3	20	1.50E+04
grazing	4/25/2023	04/26/2023	mTEC	15	D-2-R-K-T1	1.00E+01	183	20	9.15E+04		3
grazing	4/25/2023	04/26/2023	mTEC	15	D-2-R-K-T1	1.00E+00	TNTC	20	TNTC		20
grazing	4/25/2023	04/26/2023	mTEC	15	D-1-C1-K-T1	1.00E+03	1	20	5.00E+04
grazing	4/25/2023	04/26/2023	mTEC	15	D-1-C1-K-T1	1.00E+02	1	20	5.00E+03
grazing	4/25/2023	04/26/2023	mTEC	15	D-1-C1-K-T1	1.00E+01	49	20	2.45E+04		2
grazing	4/25/2023	04/26/2023	mTEC	15	D-1-C1-K-T1	1.00E+00	TNTC	20	TNTC		25
grazing	4/25/2023	04/26/2023	mTEC	15	D-2-C1-K-T1	1.00E+03	0	20	0.00E+00
grazing	4/25/2023	04/26/2023	mTEC	15	D-2-C1-K-T1	1.00E+02	3	20	1.50E+04
grazing	4/25/2023	04/26/2023	mTEC	15	D-2-C1-K-T1	1.00E+01	95	20	4.75E+04
grazing	4/25/2023	04/26/2023	mTEC	15	D-2-C1-K-T1	1.00E+00	TNTC	20	TNTC		9
grazing	4/25/2023	04/26/2023	mTEC	15	D-1-C2-K-T1	1.00E+03	0	20	0.00E+00
grazing	4/25/2023	04/26/2023	mTEC	15	D-1-C2-K-T1	1.00E+02	1	20	5.00E+03
grazing	4/25/2023	04/26/2023	mTEC	15	D-1-C2-K-T1	1.00E+01	130	20	6.50E+04		1
grazing	4/25/2023	04/26/2023	mTEC	15	D-1-C2-K-T1	1.00E+00	TNTC	20	TNTC		24
grazing	4/25/2023	04/26/2023	mTEC	15	D-2-C2-K-T1	1.00E+03	0	20	0.00E+00
grazing	4/25/2023	04/26/2023	mTEC	15	D-2-C2-K-T1	1.00E+02	2	20	1.00E+04
grazing	4/25/2023	04/26/2023	mTEC	15	D-2-C2-K-T1	1.00E+01	123	20	6.15E+04
grazing	4/25/2023	04/26/2023	mTEC	15	D-2-C2-K-T1	1.00E+00	270	20	1.35E+04		14
grazing	4/25/2023	04/26/2023	mTEC	15	-TEC-N-U-T1	1.00E+00	0	20	0.00E+00
grazing	4/25/2023	04/26/2023	mTEC	NA	-TEC-N-U-	1.00E+00	0	20	0.00E+00
grazing	5/31/2023	06/01/2023	mTEC	15	E-1-F-K-T0	1.00E+03	14	20	7.00E+05
grazing	5/31/2023	06/01/2023	mTEC	15	E-1-F-K-T0	1.00E+02	118	20	5.90E+05
grazing	5/31/2023	06/01/2023	mTEC	15	E-1-F-K-T0	1.00E+01	TNTC	20	TNTC
grazing	5/31/2023	06/01/2023	mTEC	15	E-1-F-K-T0	1.00E+00	TNTC	20	TNTC
grazing	5/31/2023	06/01/2023	mTEC	15	E-2-F-K-T0	1.00E+03	9	20	4.50E+05
grazing	5/31/2023	06/01/2023	mTEC	15	E-2-F-K-T0	1.00E+02	174	20	8.70E+05
grazing	5/31/2023	06/01/2023	mTEC	15	E-2-F-K-T0	1.00E+01	TNTC	20	TNTC
grazing	5/31/2023	06/01/2023	mTEC	15	E-2-F-K-T0	1.00E+00	TNTC	20	TNTC
grazing	5/31/2023	06/01/2023	mTEC	15	E-1-25-K-T0	1.00E+03	9	20	4.50E+05
grazing	5/31/2023	06/01/2023	mTEC	15	E-1-25-K-T0	1.00E+02	139	20	6.95E+05
grazing	5/31/2023	06/01/2023	mTEC	15	E-1-25-K-T0	1.00E+01	TNTC	20	TNTC
grazing	5/31/2023	06/01/2023	mTEC	15	E-1-25-K-T0	1.00E+00	TNTC	20	TNTC
grazing	5/31/2023	06/01/2023	mTEC	15	E-2-25-K-T0	1.00E+03	12	20	6.00E+05
grazing	5/31/2023	06/01/2023	mTEC	15	E-2-25-K-T0	1.00E+02	127	20	6.35E+05
grazing	5/31/2023	06/01/2023	mTEC	15	E-2-25-K-T0	1.00E+01	TNTC	20	TNTC
grazing	5/31/2023	06/01/2023	mTEC	15	E-2-25-K-T0	1.00E+00	TNTC	20	TNTC
grazing	5/31/2023	06/01/2023	mTEC	15	E-1-50-K-T0	1.00E+03	12	20	6.00E+05
grazing	5/31/2023	06/01/2023	mTEC	15	E-1-50-K-T0	1.00E+02	132	20	6.60E+05
grazing	5/31/2023	06/01/2023	mTEC	15	E-1-50-K-T0	1.00E+01	TNTC	20	TNTC
grazing	5/31/2023	06/01/2023	mTEC	15	E-1-50-K-T0	1.00E+00	TNTC	20	TNTC
grazing	5/31/2023	06/01/2023	mTEC	15	E-2-50-K-T0	1.00E+03	11	20	5.50E+05
grazing	5/31/2023	06/01/2023	mTEC	15	E-2-50-K-T0	1.00E+02	199	20	9.95E+05
grazing	5/31/2023	06/01/2023	mTEC	15	E-2-50-K-T0	1.00E+01	TNTC	20	TNTC
grazing	5/31/2023	06/01/2023	mTEC	15	E-2-50-K-T0	1.00E+00	TNTC	20	TNTC
grazing	5/31/2023	06/01/2023	mTEC	15	E-1-75-K-T0	1.00E+03	13	20	6.50E+05
grazing	5/31/2023	06/01/2023	mTEC	15	E-1-75-K-T0	1.00E+02	100	20	5.00E+05
grazing	5/31/2023	06/01/2023	mTEC	15	E-1-75-K-T0	1.00E+01	TNTC	20	TNTC
grazing	5/31/2023	06/01/2023	mTEC	15	E-1-75-K-T0	1.00E+00	TNTC	20	TNTC
grazing	5/31/2023	06/01/2023	mTEC	15	E-2-75-K-T0	1.00E+03	10	20	5.00E+05
grazing	5/31/2023	06/01/2023	mTEC	15	E-2-75-K-T0	1.00E+02	143	20	7.15E+05
grazing	5/31/2023	06/01/2023	mTEC	15	E-2-75-K-T0	1.00E+01	TNTC	20	TNTC
grazing	5/31/2023	06/01/2023	mTEC	15	E-2-75-K-T0	1.00E+00	TNTC	20	TNTC
grazing	5/31/2023	06/01/2023	mTEC	15	E-1-R-K-T0	1.00E+03	13	20	6.50E+05
grazing	5/31/2023	06/01/2023	mTEC	15	E-1-R-K-T0	1.00E+02	86	20	4.30E+05
grazing	5/31/2023	06/01/2023	mTEC	15	E-1-R-K-T0	1.00E+01	TNTC	20	TNTC
grazing	5/31/2023	06/01/2023	mTEC	15	E-1-R-K-T0	1.00E+00	TNTC	20	TNTC
grazing	5/31/2023	06/01/2023	mTEC	15	E-2-R-K-T0	1.00E+03	4	20	2.00E+05
grazing	5/31/2023	06/01/2023	mTEC	15	E-2-R-K-T0	1.00E+02	64	20	3.20E+05
grazing	5/31/2023	06/01/2023	mTEC	15	E-2-R-K-T0	1.00E+01	TNTC	20	TNTC
grazing	5/31/2023	06/01/2023	mTEC	15	E-2-R-K-T0	1.00E+00	TNTC	20	TNTC
grazing	5/31/2023	06/01/2023	mTEC	15	E-1-C1-K-T0	1.00E+03	25	20	1.25E+06
grazing	5/31/2023	06/01/2023	mTEC	15	E-1-C1-K-T0	1.00E+02	146	20	7.30E+05
grazing	5/31/2023	06/01/2023	mTEC	15	E-1-C1-K-T0	1.00E+01	TNTC	20	TNTC
grazing	5/31/2023	06/01/2023	mTEC	15	E-1-C1-K-T0	1.00E+00	TNTC	20	TNTC
grazing	5/31/2023	06/01/2023	mTEC	15	E-2-C1-K-T0	1.00E+03	15	20	7.50E+05
grazing	5/31/2023	06/01/2023	mTEC	15	E-2-C1-K-T0	1.00E+02	88	20	4.40E+05
grazing	5/31/2023	06/01/2023	mTEC	15	E-2-C1-K-T0	1.00E+01	TNTC	20	TNTC
grazing	5/31/2023	06/01/2023	mTEC	15	E-2-C1-K-T0	1.00E+00	TNTC	20	TNTC
grazing	5/31/2023	06/01/2023	mTEC	15	E-1-C2-K-T0	1.00E+03	9	20	4.50E+05
grazing	5/31/2023	06/01/2023	mTEC	15	E-1-C2-K-T0	1.00E+02	119	20	5.95E+05
grazing	5/31/2023	06/01/2023	mTEC	15	E-1-C2-K-T0	1.00E+01	TNTC	20	TNTC
grazing	5/31/2023	06/01/2023	mTEC	15	E-1-C2-K-T0	1.00E+00	TNTC	20	TNTC
grazing	5/31/2023	06/01/2023	mTEC	15	E-2-C2-K-T0	1.00E+03	7	20	3.50E+05
grazing	5/31/2023	06/01/2023	mTEC	15	E-2-C2-K-T0	1.00E+02	136	20	6.80E+05
grazing	5/31/2023	06/01/2023	mTEC	15	E-2-C2-K-T0	1.00E+01	TNTC	20	TNTC
grazing	5/31/2023	06/01/2023	mTEC	15	E-2-C2-K-T0	1.00E+00	TNTC	20	TNTC
grazing	5/31/2023	06/01/2023	mTEC	NA	E-TEC-F-U-T0	1.00E+00	0	20	0.00E+00
grazing	5/31/2023	06/01/2023	mTEC	NA	E-TEC-R-U-T0	1.00E+02	0	20	0.00E+00
grazing	5/31/2023	06/01/2023	mTEC	NA	E-TEC-R-U-T0	1.00E+01	0	20	0.00E+00
grazing	5/31/2023	06/01/2023	mTEC	NA	E-TEC-R-U-T0	1.00E+00	0	20	0.00E+00
grazing	5/31/2023	06/01/2023	mTEC	NA	E-TEC-C2-U-T0	1.00E+02	0	20	0.00E+00
grazing	5/31/2023	06/01/2023	mTEC	NA	E-TEC-C2-U-T0	1.00E+01	0	20	0.00E+00
grazing	5/31/2023	06/01/2023	mTEC	NA	E-TEC-C2-U-T0	1.00E+00	0	20	0.00E+00
grazing	5/31/2023	06/01/2023	mTEC	NA	-TEC-N-U-T0	1.00E+00	0	20	0.00E+00
grazing	5/31/2023	06/01/2023	mTEC	NA	-TEC--K-	1.00E+06	0	20	0.00E+00
grazing	5/31/2023	06/01/2023	mTEC	NA	-TEC--K-	1.00E+05	12	20	6.00E+07
grazing	5/31/2023	06/01/2023	mTEC	NA	-TEC--K-	1.00E+04	90	20	4.50E+07
grazing	5/31/2023	06/01/2023	mTEC	NA	-TEC-N-U-	1.00E+00	0	20	0.00E+00
grazing	5/31/2023	06/01/2023	mTEC	NA	-TEC--F-	1.00E+00	0	20	0.00E+00
grazing	5/31/2023	06/01/2023	mTEC	NA	-NuA-F	1.00E+00	Lawn	20	Lawn
grazing	6/1/2023	06/02/2023	mTEC	15	E-1-F-K-T1	1.00E+03	1	20	5.00E+04
grazing	6/1/2023	06/02/2023	mTEC	15	E-1-F-K-T1	1.00E+02	54	20	2.70E+05
grazing	6/1/2023	06/02/2023	mTEC	15	E-1-F-K-T1	1.00E+01	TNTC	20	TNTC
grazing	6/1/2023	06/02/2023	mTEC	15	E-1-F-K-T1	1.00E+00	TNTC	20	TNTC
grazing	6/1/2023	06/02/2023	mTEC	15	E-2-F-K-T1	1.00E+03	0	20	0.00E+00
grazing	6/1/2023	06/02/2023	mTEC	15	E-2-F-K-T1	1.00E+02	37	20	1.85E+05
grazing	6/1/2023	06/02/2023	mTEC	15	E-2-F-K-T1	1.00E+01	TNTC	20	TNTC
grazing	6/1/2023	06/02/2023	mTEC	15	E-2-F-K-T1	1.00E+00	TNTC	20	TNTC
grazing	6/1/2023	06/02/2023	mTEC	15	E-1-25-K-T1	1.00E+03	1	20	5.00E+04
grazing	6/1/2023	06/02/2023	mTEC	15	E-1-25-K-T1	1.00E+02	TNTC	20	TNTC			No countable - 100x was 553 colonies
grazing	6/1/2023	06/02/2023	mTEC	15	E-1-25-K-T1	1.00E+01	TNTC	20	TNTC
grazing	6/1/2023	06/02/2023	mTEC	15	E-1-25-K-T1	1.00E+00	TNTC	20	TNTC
grazing	6/1/2023	06/02/2023	mTEC	15	E-2-25-K-T1	1.00E+03	0	20	0.00E+00
grazing	6/1/2023	06/02/2023	mTEC	15	E-2-25-K-T1	1.00E+02	58	20	2.90E+05
grazing	6/1/2023	06/02/2023	mTEC	15	E-2-25-K-T1	1.00E+01	TNTC	20	TNTC
grazing	6/1/2023	06/02/2023	mTEC	15	E-2-25-K-T1	1.00E+00	TNTC	20	TNTC
grazing	6/1/2023	06/02/2023	mTEC	15	E-1-50-K-T1	1.00E+03	0	20	0.00E+00
grazing	6/1/2023	06/02/2023	mTEC	15	E-1-50-K-T1	1.00E+02	45	20	2.25E+05
grazing	6/1/2023	06/02/2023	mTEC	15	E-1-50-K-T1	1.00E+01	TNTC	20	TNTC
grazing	6/1/2023	06/02/2023	mTEC	15	E-1-50-K-T1	1.00E+00	TNTC	20	TNTC
grazing	6/1/2023	06/02/2023	mTEC	15	E-2-50-K-T1	1.00E+03	2	20	1.00E+05
grazing	6/1/2023	06/02/2023	mTEC	15	E-2-50-K-T1	1.00E+02	92	20	4.60E+05
grazing	6/1/2023	06/02/2023	mTEC	15	E-2-50-K-T1	1.00E+01	TNTC	20	TNTC
grazing	6/1/2023	06/02/2023	mTEC	15	E-2-50-K-T1	1.00E+00	TNTC	20	TNTC
grazing	6/1/2023	06/02/2023	mTEC	15	E-1-75-K-T1	1.00E+03	5	20	2.50E+05
grazing	6/1/2023	06/02/2023	mTEC	15	E-1-75-K-T1	1.00E+02	37	20	1.85E+05
grazing	6/1/2023	06/02/2023	mTEC	15	E-1-75-K-T1	1.00E+01	TNTC	20	TNTC
grazing	6/1/2023	06/02/2023	mTEC	15	E-1-75-K-T1	1.00E+00	TNTC	20	TNTC
grazing	6/1/2023	06/02/2023	mTEC	15	E-2-75-K-T1	1.00E+03	3	20	1.50E+05
grazing	6/1/2023	06/02/2023	mTEC	15	E-2-75-K-T1	1.00E+02	68	20	3.40E+05
grazing	6/1/2023	06/02/2023	mTEC	15	E-2-75-K-T1	1.00E+01	TNTC	20	TNTC
grazing	6/1/2023	06/02/2023	mTEC	15	E-2-75-K-T1	1.00E+00	TNTC	20	TNTC
grazing	6/1/2023	06/02/2023	mTEC	15	E-1-R-K-T1	1.00E+03	1	20	5.00E+04
grazing	6/1/2023	06/02/2023	mTEC	15	E-1-R-K-T1	1.00E+02	56	20	2.80E+05
grazing	6/1/2023	06/02/2023	mTEC	15	E-1-R-K-T1	1.00E+01	TNTC	20	TNTC
grazing	6/1/2023	06/02/2023	mTEC	15	E-1-R-K-T1	1.00E+00	TNTC	20	TNTC
grazing	6/1/2023	06/02/2023	mTEC	15	E-2-R-K-T1	1.00E+03	3	20	1.50E+05
grazing	6/1/2023	06/02/2023	mTEC	15	E-2-R-K-T1	1.00E+02	40	20	2.00E+05
grazing	6/1/2023	06/02/2023	mTEC	15	E-2-R-K-T1	1.00E+01	TNTC	20	TNTC
grazing	6/1/2023	06/02/2023	mTEC	15	E-2-R-K-T1	1.00E+00	TNTC	20	TNTC
grazing	6/1/2023	06/02/2023	mTEC	15	E-1-C1-K-T1	1.00E+03	2	20	1.00E+05
grazing	6/1/2023	06/02/2023	mTEC	15	E-1-C1-K-T1	1.00E+02	139	20	6.95E+05
grazing	6/1/2023	06/02/2023	mTEC	15	E-1-C1-K-T1	1.00E+01	TNTC	20	TNTC
grazing	6/1/2023	06/02/2023	mTEC	15	E-1-C1-K-T1	1.00E+00	TNTC	20	TNTC
grazing	6/1/2023	06/02/2023	mTEC	15	E-2-C1-K-T1	1.00E+03	1	20	5.00E+04
grazing	6/1/2023	06/02/2023	mTEC	15	E-2-C1-K-T1	1.00E+02	29	20	1.45E+05
grazing	6/1/2023	06/02/2023	mTEC	15	E-2-C1-K-T1	1.00E+01	TNTC	20	TNTC
grazing	6/1/2023	06/02/2023	mTEC	15	E-2-C1-K-T1	1.00E+00	TNTC	20	TNTC
grazing	6/1/2023	06/02/2023	mTEC	15	E-1-C2-K-T1	1.00E+03	3	20	1.50E+05
grazing	6/1/2023	06/02/2023	mTEC	15	E-1-C2-K-T1	1.00E+02	27	20	1.35E+05
grazing	6/1/2023	06/02/2023	mTEC	15	E-1-C2-K-T1	1.00E+01	TNTC	20	TNTC
grazing	6/1/2023	06/02/2023	mTEC	15	E-1-C2-K-T1	1.00E+00	TNTC	20	TNTC
grazing	6/1/2023	06/02/2023	mTEC	15	E-2-C2-K-T1	1.00E+03	0	20	0.00E+00
grazing	6/1/2023	06/02/2023	mTEC	15	E-2-C2-K-T1	1.00E+02	47	20	2.35E+05
grazing	6/1/2023	06/02/2023	mTEC	15	E-2-C2-K-T1	1.00E+01	TNTC	20	TNTC
grazing	6/1/2023	06/02/2023	mTEC	15	E-2-C2-K-T1	1.00E+00	TNTC	20	TNTC
grazing	6/1/2023	06/02/2023	mTEC	15	-TEC-N-U-T1	1.00E+00	0	20	0.00E+00
grazing	6/1/2023	06/02/2023	mTEC	NA	-TEC-N-U-	1.00E+00	0	20	0.00E+00
grazing	6/7/2023	06/08/2023	mTEC	15	F-1-F-K-T0	1.00E+03	2	20	1.00E+05
grazing	6/7/2023	06/08/2023	mTEC	15	F-1-F-K-T0	1.00E+02	93	20	4.65E+05
grazing	6/7/2023	06/08/2023	mTEC	15	F-1-F-K-T0	1.00E+01	334	20	1.67E+05
grazing	6/7/2023	06/08/2023	mTEC	15	F-1-F-K-T0	1.00E+00	TNTC	20	TNTC
grazing	6/7/2023	06/08/2023	mTEC	15	F-2-F-K-T0	1.00E+03	8	20	4.00E+05
grazing	6/7/2023	06/08/2023	mTEC	15	F-2-F-K-T0	1.00E+02	51	20	2.55E+05
grazing	6/7/2023	06/08/2023	mTEC	15	F-2-F-K-T0	1.00E+01	193	20	9.65E+04
grazing	6/7/2023	06/08/2023	mTEC	15	F-2-F-K-T0	1.00E+00	TNTC	20	TNTC
grazing	6/7/2023	06/08/2023	mTEC	15	F-1-25-K-T0	1.00E+03	1	20	5.00E+04
grazing	6/7/2023	06/08/2023	mTEC	15	F-1-25-K-T0	1.00E+02	20	20	1.00E+05
grazing	6/7/2023	06/08/2023	mTEC	15	F-1-25-K-T0	1.00E+01	TNTC	20	TNTC
grazing	6/7/2023	06/08/2023	mTEC	15	F-1-25-K-T0	1.00E+00	TNTC	20	TNTC
grazing	6/7/2023	06/08/2023	mTEC	15	F-2-25-K-T0	1.00E+03	2	20	1.00E+05
grazing	6/7/2023	06/08/2023	mTEC	15	F-2-25-K-T0	1.00E+02	17	20	8.50E+04
grazing	6/7/2023	06/08/2023	mTEC	15	F-2-25-K-T0	1.00E+01	TNTC	20	TNTC
grazing	6/7/2023	06/08/2023	mTEC	15	F-2-25-K-T0	1.00E+00	TNTC	20	TNTC
grazing	6/7/2023	06/08/2023	mTEC	15	F-1-50-K-T0	1.00E+03	2	20	1.00E+05
grazing	6/7/2023	06/08/2023	mTEC	15	F-1-50-K-T0	1.00E+02	35	20	1.75E+05
grazing	6/7/2023	06/08/2023	mTEC	15	F-1-50-K-T0	1.00E+01	TNTC	20	TNTC
grazing	6/7/2023	06/08/2023	mTEC	15	F-1-50-K-T0	1.00E+00	TNTC	20	TNTC
grazing	6/7/2023	06/08/2023	mTEC	15	F-2-50-K-T0	1.00E+03	1	20	5.00E+04
grazing	6/7/2023	06/08/2023	mTEC	15	F-2-50-K-T0	1.00E+02	19	20	9.50E+04
grazing	6/7/2023	06/08/2023	mTEC	15	F-2-50-K-T0	1.00E+01	TNTC	20	TNTC
grazing	6/7/2023	06/08/2023	mTEC	15	F-2-50-K-T0	1.00E+00	TNTC	20	TNTC
grazing	6/7/2023	06/08/2023	mTEC	15	F-1-75-K-T0	1.00E+03	1	20	5.00E+04
grazing	6/7/2023	06/08/2023	mTEC	15	F-1-75-K-T0	1.00E+02	31	20	1.55E+05
grazing	6/7/2023	06/08/2023	mTEC	15	F-1-75-K-T0	1.00E+01	TNTC	20	TNTC
grazing	6/7/2023	06/08/2023	mTEC	15	F-1-75-K-T0	1.00E+00	TNTC	20	TNTC
grazing	6/7/2023	06/08/2023	mTEC	15	F-2-75-K-T0	1.00E+03	0	20	0.00E+00
grazing	6/7/2023	06/08/2023	mTEC	15	F-2-75-K-T0	1.00E+02	15	20	7.50E+04
grazing	6/7/2023	06/08/2023	mTEC	15	F-2-75-K-T0	1.00E+01	237	20	1.19E+05
grazing	6/7/2023	06/08/2023	mTEC	15	F-2-75-K-T0	1.00E+00	TNTC	20	TNTC
grazing	6/7/2023	06/08/2023	mTEC	15	F-1-R-K-T0	1.00E+03	0	20	0.00E+00
grazing	6/7/2023	06/08/2023	mTEC	15	F-1-R-K-T0	1.00E+02	18	20	9.00E+04
grazing	6/7/2023	06/08/2023	mTEC	15	F-1-R-K-T0	1.00E+01	TNTC	20	TNTC
grazing	6/7/2023	06/08/2023	mTEC	15	F-1-R-K-T0	1.00E+00	TNTC	20	TNTC
grazing	6/7/2023	06/08/2023	mTEC	15	F-2-R-K-T0	1.00E+03	1	20	5.00E+04
grazing	6/7/2023	06/08/2023	mTEC	15	F-2-R-K-T0	1.00E+02	3	20	1.50E+04
grazing	6/7/2023	06/08/2023	mTEC	15	F-2-R-K-T0	1.00E+01	TNTC	20	TNTC
grazing	6/7/2023	06/08/2023	mTEC	15	F-2-R-K-T0	1.00E+00	TNTC	20	TNTC
grazing	6/7/2023	06/08/2023	mTEC	15	F-1-C1-K-T0	1.00E+03	1	20	5.00E+04
grazing	6/7/2023	06/08/2023	mTEC	15	F-1-C1-K-T0	1.00E+02	16	20	8.00E+04
grazing	6/7/2023	06/08/2023	mTEC	15	F-1-C1-K-T0	1.00E+01	TNTC	20	TNTC
grazing	6/7/2023	06/08/2023	mTEC	15	F-1-C1-K-T0	1.00E+00	TNTC	20	TNTC
grazing	6/7/2023	06/08/2023	mTEC	15	F-2-C1-K-T0	1.00E+03	1	20	5.00E+04
grazing	6/7/2023	06/08/2023	mTEC	15	F-2-C1-K-T0	1.00E+02	8	20	4.00E+04
grazing	6/7/2023	06/08/2023	mTEC	15	F-2-C1-K-T0	1.00E+01	475	20	2.38E+05
grazing	6/7/2023	06/08/2023	mTEC	15	F-2-C1-K-T0	1.00E+00	TNTC	20	TNTC
grazing	6/7/2023	06/08/2023	mTEC	15	F-1-C2-K-T0	1.00E+03	0	20	0.00E+00
grazing	6/7/2023	06/08/2023	mTEC	15	F-1-C2-K-T0	1.00E+02	30	20	1.50E+05
grazing	6/7/2023	06/08/2023	mTEC	15	F-1-C2-K-T0	1.00E+01	TNTC	20	TNTC
grazing	6/7/2023	06/08/2023	mTEC	15	F-1-C2-K-T0	1.00E+00	TNTC	20	TNTC
grazing	6/7/2023	06/08/2023	mTEC	15	F-2-C2-K-T0	1.00E+03	1	20	5.00E+04
grazing	6/7/2023	06/08/2023	mTEC	15	F-2-C2-K-T0	1.00E+02	39	20	1.95E+05
grazing	6/7/2023	06/08/2023	mTEC	15	F-2-C2-K-T0	1.00E+01	410	20	2.05E+05
grazing	6/7/2023	06/08/2023	mTEC	15	F-2-C2-K-T0	1.00E+00	TNTC	20	TNTC
grazing	6/7/2023	06/08/2023	mTEC	NA	F-TEC-F-U-T0	1.00E+00	0	20	0.00E+00
grazing	6/7/2023	06/08/2023	mTEC	NA	F-TEC-R-U-T0	1.00E+02	0	20	0.00E+00
grazing	6/7/2023	06/08/2023	mTEC	NA	F-TEC-R-U-T0	1.00E+01	0	20	0.00E+00
grazing	6/7/2023	06/08/2023	mTEC	NA	F-TEC-R-U-T0	1.00E+00	0	20	0.00E+00
grazing	6/7/2023	06/08/2023	mTEC	NA	F-TEC-C2-U-T0	1.00E+02	0	20	0.00E+00
grazing	6/7/2023	06/08/2023	mTEC	NA	F-TEC-C2-U-T0	1.00E+01	0	20	0.00E+00
grazing	6/7/2023	06/08/2023	mTEC	NA	F-TEC-C2-U-T0	1.00E+00	0	20	0.00E+00
grazing	6/7/2023	06/08/2023	mTEC	NA	-TEC-N-U-T0	1.00E+00	0	20	0.00E+00
grazing	6/7/2023	06/08/2023	mTEC	NA	-TEC--K-	1.00E+06	0	20	0.00E+00
grazing	6/7/2023	06/08/2023	mTEC	NA	-TEC--K-	1.00E+05	11	20	5.50E+07
grazing	6/7/2023	06/08/2023	mTEC	NA	-TEC--K-	1.00E+04	107	20	5.35E+07
grazing	6/7/2023	06/08/2023	mTEC	NA	-TEC-N-U-	1.00E+00	0	20	0.00E+00
grazing	6/7/2023	06/08/2023	mTEC	NA	-TEC--F-	1.00E+00	0	20	0.00E+00
grazing	6/7/2023	06/08/2023	mTEC	NA	-NuA-F	1.00E+00	Lawn	20	Lawn
grazing	6/8/2023	06/09/2023	mTEC	15	F-1-F-K-T1	1.00E+03	2	20	1.00E+05
grazing	6/8/2023	06/09/2023	mTEC	15	F-1-F-K-T1	1.00E+02	17	20	8.50E+04
grazing	6/8/2023	06/09/2023	mTEC	15	F-1-F-K-T1	1.00E+01	TNTC	20	TNTC
grazing	6/8/2023	06/09/2023	mTEC	15	F-1-F-K-T1	1.00E+00	TNTC	20	TNTC
grazing	6/8/2023	06/09/2023	mTEC	15	F-2-F-K-T1	1.00E+03	4	20	2.00E+05
grazing	6/8/2023	06/09/2023	mTEC	15	F-2-F-K-T1	1.00E+02	28	20	1.40E+05
grazing	6/8/2023	06/09/2023	mTEC	15	F-2-F-K-T1	1.00E+01	TNTC	20	TNTC
grazing	6/8/2023	06/09/2023	mTEC	15	F-2-F-K-T1	1.00E+00	TNTC	20	TNTC
grazing	6/8/2023	06/09/2023	mTEC	15	F-1-25-K-T1	1.00E+03	1	20	5.00E+04
grazing	6/8/2023	06/09/2023	mTEC	15	F-1-25-K-T1	1.00E+02	6	20	3.00E+04
grazing	6/8/2023	06/09/2023	mTEC	15	F-1-25-K-T1	1.00E+01	436	20	2.18E+05
grazing	6/8/2023	06/09/2023	mTEC	15	F-1-25-K-T1	1.00E+00	TNTC	20	TNTC
grazing	6/8/2023	06/09/2023	mTEC	15	F-2-25-K-T1	1.00E+03	1	20	5.00E+04
grazing	6/8/2023	06/09/2023	mTEC	15	F-2-25-K-T1	1.00E+02	16	20	8.00E+04
grazing	6/8/2023	06/09/2023	mTEC	15	F-2-25-K-T1	1.00E+01	403	20	2.02E+05
grazing	6/8/2023	06/09/2023	mTEC	15	F-2-25-K-T1	1.00E+00	TNTC	20	TNTC
grazing	6/8/2023	06/09/2023	mTEC	15	F-1-50-K-T1	1.00E+03	1	20	5.00E+04
grazing	6/8/2023	06/09/2023	mTEC	15	F-1-50-K-T1	1.00E+02	18	20	9.00E+04
grazing	6/8/2023	06/09/2023	mTEC	15	F-1-50-K-T1	1.00E+01	406	20	2.03E+05
grazing	6/8/2023	06/09/2023	mTEC	15	F-1-50-K-T1	1.00E+00	TNTC	20	TNTC
grazing	6/8/2023	06/09/2023	mTEC	15	F-2-50-K-T1	1.00E+03	0	20	0.00E+00
grazing	6/8/2023	06/09/2023	mTEC	15	F-2-50-K-T1	1.00E+02	7	20	3.50E+04
grazing	6/8/2023	06/09/2023	mTEC	15	F-2-50-K-T1	1.00E+01	464	20	2.32E+05
grazing	6/8/2023	06/09/2023	mTEC	15	F-2-50-K-T1	1.00E+00	TNTC	20	TNTC
grazing	6/8/2023	06/09/2023	mTEC	15	F-1-75-K-T1	1.00E+03	1	20	5.00E+04
grazing	6/8/2023	06/09/2023	mTEC	15	F-1-75-K-T1	1.00E+02	21	20	1.05E+05
grazing	6/8/2023	06/09/2023	mTEC	15	F-1-75-K-T1	1.00E+01	TNTC	20	TNTC
grazing	6/8/2023	06/09/2023	mTEC	15	F-1-75-K-T1	1.00E+00	TNTC	20	TNTC
grazing	6/8/2023	06/09/2023	mTEC	15	F-2-75-K-T1	1.00E+03	1	20	5.00E+04
grazing	6/8/2023	06/09/2023	mTEC	15	F-2-75-K-T1	1.00E+02	20	20	1.00E+05
grazing	6/8/2023	06/09/2023	mTEC	15	F-2-75-K-T1	1.00E+01	TNTC	20	TNTC
grazing	6/8/2023	06/09/2023	mTEC	15	F-2-75-K-T1	1.00E+00	TNTC	20	TNTC
grazing	6/8/2023	06/09/2023	mTEC	15	F-1-R-K-T1	1.00E+03	0	20	0.00E+00
grazing	6/8/2023	06/09/2023	mTEC	15	F-1-R-K-T1	1.00E+02	13	20	6.50E+04
grazing	6/8/2023	06/09/2023	mTEC	15	F-1-R-K-T1	1.00E+01	490	20	2.45E+05
grazing	6/8/2023	06/09/2023	mTEC	15	F-1-R-K-T1	1.00E+00	TNTC	20	TNTC
grazing	6/8/2023	06/09/2023	mTEC	15	F-2-R-K-T1	1.00E+03	0	20	0.00E+00
grazing	6/8/2023	06/09/2023	mTEC	15	F-2-R-K-T1	1.00E+02	9	20	4.50E+04			mis entered as 92 -- confirmed in lab notebook and photos that it is 9
grazing	6/8/2023	06/09/2023	mTEC	15	F-2-R-K-T1	1.00E+01	449	20	2.25E+05
grazing	6/8/2023	06/09/2023	mTEC	15	F-2-R-K-T1	1.00E+00	TNTC	20	TNTC
grazing	6/8/2023	06/09/2023	mTEC	15	F-1-C1-K-T1	1.00E+03	1	20	5.00E+04
grazing	6/8/2023	06/09/2023	mTEC	15	F-1-C1-K-T1	1.00E+02	11	20	5.50E+04
grazing	6/8/2023	06/09/2023	mTEC	15	F-1-C1-K-T1	1.00E+01	426	20	2.13E+05
grazing	6/8/2023	06/09/2023	mTEC	15	F-1-C1-K-T1	1.00E+00	TNTC	20	TNTC
grazing	6/8/2023	06/09/2023	mTEC	15	F-2-C1-K-T1	1.00E+03	0	20	0.00E+00
grazing	6/8/2023	06/09/2023	mTEC	15	F-2-C1-K-T1	1.00E+02	6	20	3.00E+04
grazing	6/8/2023	06/09/2023	mTEC	15	F-2-C1-K-T1	1.00E+01	247	20	1.24E+05
grazing	6/8/2023	06/09/2023	mTEC	15	F-2-C1-K-T1	1.00E+00	TNTC	20	TNTC
grazing	6/8/2023	06/09/2023	mTEC	15	F-1-C2-K-T1	1.00E+03	0	20	0.00E+00
grazing	6/8/2023	06/09/2023	mTEC	15	F-1-C2-K-T1	1.00E+02	17	20	8.50E+04
grazing	6/8/2023	06/09/2023	mTEC	15	F-1-C2-K-T1	1.00E+01	TNTC	20	TNTC
grazing	6/8/2023	06/09/2023	mTEC	15	F-1-C2-K-T1	1.00E+00	TNTC	20	TNTC
grazing	6/8/2023	06/09/2023	mTEC	15	F-2-C2-K-T1	1.00E+03	1	20	5.00E+04
grazing	6/8/2023	06/09/2023	mTEC	15	F-2-C2-K-T1	1.00E+02	9	20	4.50E+04
grazing	6/8/2023	06/09/2023	mTEC	15	F-2-C2-K-T1	1.00E+01	447	20	2.24E+05
grazing	6/8/2023	06/09/2023	mTEC	15	F-2-C2-K-T1	1.00E+00	TNTC	20	TNTC
grazing	6/8/2023	06/09/2023	mTEC	15	-TEC-N-U-T1	1.00E+00	0	20	0.00E+00
grazing	6/8/2023	06/09/2023	mTEC	NA	-TEC-N-U-	1.00E+00	0	20	0.00E+00
grazing	6/13/2023	06/14/2023	mTEC	15	G-1-F-K-T0	1.00E+03	27	20	1.35E+06
grazing	6/13/2023	06/14/2023	mTEC	15	G-1-F-K-T0	1.00E+02	214	20	1.07E+06
grazing	6/13/2023	06/14/2023	mTEC	15	G-1-F-K-T0	1.00E+01	TNTC	20	TNTC
grazing	6/13/2023	06/14/2023	mTEC	15	G-1-F-K-T0	1.00E+00	TNTC	20	TNTC
grazing	6/13/2023	06/14/2023	mTEC	15	G-2-F-K-T0	1.00E+03	19	20	9.50E+05
grazing	6/13/2023	06/14/2023	mTEC	15	G-2-F-K-T0	1.00E+02	273	20	1.37E+06
grazing	6/13/2023	06/14/2023	mTEC	15	G-2-F-K-T0	1.00E+01	TNTC	20	TNTC
grazing	6/13/2023	06/14/2023	mTEC	15	G-2-F-K-T0	1.00E+00	TNTC	20	TNTC
grazing	6/13/2023	06/14/2023	mTEC	15	G-1-25-K-T0	1.00E+03	26	20	1.30E+06
grazing	6/13/2023	06/14/2023	mTEC	15	G-1-25-K-T0	1.00E+02	384	20	1.92E+06
grazing	6/13/2023	06/14/2023	mTEC	15	G-1-25-K-T0	1.00E+01	TNTC	20	TNTC
grazing	6/13/2023	06/14/2023	mTEC	15	G-1-25-K-T0	1.00E+00	TNTC	20	TNTC
grazing	6/13/2023	06/14/2023	mTEC	15	G-2-25-K-T0	1.00E+03	24	20	1.20E+06
grazing	6/13/2023	06/14/2023	mTEC	15	G-2-25-K-T0	1.00E+02	284	20	1.42E+06
grazing	6/13/2023	06/14/2023	mTEC	15	G-2-25-K-T0	1.00E+01	TNTC	20	TNTC
grazing	6/13/2023	06/14/2023	mTEC	15	G-2-25-K-T0	1.00E+00	TNTC	20	TNTC
grazing	6/13/2023	06/14/2023	mTEC	15	G-1-50-K-T0	1.00E+03	32	20	1.60E+06
grazing	6/13/2023	06/14/2023	mTEC	15	G-1-50-K-T0	1.00E+02	322	20	1.61E+06
grazing	6/13/2023	06/14/2023	mTEC	15	G-1-50-K-T0	1.00E+01	TNTC	20	TNTC
grazing	6/13/2023	06/14/2023	mTEC	15	G-1-50-K-T0	1.00E+00	TNTC	20	TNTC
grazing	6/13/2023	06/14/2023	mTEC	15	G-2-50-K-T0	1.00E+03	18	20	9.00E+05
grazing	6/13/2023	06/14/2023	mTEC	15	G-2-50-K-T0	1.00E+02	254	20	1.27E+06
grazing	6/13/2023	06/14/2023	mTEC	15	G-2-50-K-T0	1.00E+01	TNTC	20	TNTC
grazing	6/13/2023	06/14/2023	mTEC	15	G-2-50-K-T0	1.00E+00	TNTC	20	TNTC
grazing	6/13/2023	06/14/2023	mTEC	15	G-1-75-K-T0	1.00E+03	18	20	9.00E+05
grazing	6/13/2023	06/14/2023	mTEC	15	G-1-75-K-T0	1.00E+02	243	20	1.22E+06
grazing	6/13/2023	06/14/2023	mTEC	15	G-1-75-K-T0	1.00E+01	TNTC	20	TNTC
grazing	6/13/2023	06/14/2023	mTEC	15	G-1-75-K-T0	1.00E+00	TNTC	20	TNTC
grazing	6/13/2023	06/14/2023	mTEC	15	G-2-75-K-T0	1.00E+03	16	20	8.00E+05
grazing	6/13/2023	06/14/2023	mTEC	15	G-2-75-K-T0	1.00E+02	264	20	1.32E+06
grazing	6/13/2023	06/14/2023	mTEC	15	G-2-75-K-T0	1.00E+01	TNTC	20	TNTC
grazing	6/13/2023	06/14/2023	mTEC	15	G-2-75-K-T0	1.00E+00	TNTC	20	TNTC
grazing	6/13/2023	06/14/2023	mTEC	15	G-1-R-K-T0	1.00E+03	18	20	9.00E+05
grazing	6/13/2023	06/14/2023	mTEC	15	G-1-R-K-T0	1.00E+02	374	20	1.87E+06
grazing	6/13/2023	06/14/2023	mTEC	15	G-1-R-K-T0	1.00E+01	TNTC	20	TNTC
grazing	6/13/2023	06/14/2023	mTEC	15	G-1-R-K-T0	1.00E+00	TNTC	20	TNTC
grazing	6/13/2023	06/14/2023	mTEC	15	G-2-R-K-T0	1.00E+03	22	20	1.10E+06
grazing	6/13/2023	06/14/2023	mTEC	15	G-2-R-K-T0	1.00E+02	269	20	1.35E+06
grazing	6/13/2023	06/14/2023	mTEC	15	G-2-R-K-T0	1.00E+01	TNTC	20	TNTC
grazing	6/13/2023	06/14/2023	mTEC	15	G-2-R-K-T0	1.00E+00	TNTC	20	TNTC
grazing	6/13/2023	06/14/2023	mTEC	15	G-1-C1-K-T0	1.00E+03	19	20	9.50E+05
grazing	6/13/2023	06/14/2023	mTEC	15	G-1-C1-K-T0	1.00E+02	276	20	1.38E+06
grazing	6/13/2023	06/14/2023	mTEC	15	G-1-C1-K-T0	1.00E+01	TNTC	20	TNTC
grazing	6/13/2023	06/14/2023	mTEC	15	G-1-C1-K-T0	1.00E+00	TNTC	20	TNTC
grazing	6/13/2023	06/14/2023	mTEC	15	G-2-C1-K-T0	1.00E+03	18	20	9.00E+05
grazing	6/13/2023	06/14/2023	mTEC	15	G-2-C1-K-T0	1.00E+02	374	20	1.87E+06
grazing	6/13/2023	06/14/2023	mTEC	15	G-2-C1-K-T0	1.00E+01	TNTC	20	TNTC
grazing	6/13/2023	06/14/2023	mTEC	15	G-2-C1-K-T0	1.00E+00	TNTC	20	TNTC
grazing	6/13/2023	06/14/2023	mTEC	15	G-1-C2-K-T0	1.00E+03	7	20	3.50E+05
grazing	6/13/2023	06/14/2023	mTEC	15	G-1-C2-K-T0	1.00E+02	277	20	1.39E+06
grazing	6/13/2023	06/14/2023	mTEC	15	G-1-C2-K-T0	1.00E+01	TNTC	20	TNTC
grazing	6/13/2023	06/14/2023	mTEC	15	G-1-C2-K-T0	1.00E+00	TNTC	20	TNTC
grazing	6/13/2023	06/14/2023	mTEC	15	G-2-C2-K-T0	1.00E+03	13	20	6.50E+05
grazing	6/13/2023	06/14/2023	mTEC	15	G-2-C2-K-T0	1.00E+02	337	20	1.69E+06
grazing	6/13/2023	06/14/2023	mTEC	15	G-2-C2-K-T0	1.00E+01	TNTC	20	TNTC
grazing	6/13/2023	06/14/2023	mTEC	15	G-2-C2-K-T0	1.00E+00	TNTC	20	TNTC
grazing	6/13/2023	06/14/2023	mTEC	NA	G-TEC-F-U-T0	1.00E+00	0	20	0.00E+00
grazing	6/13/2023	06/14/2023	mTEC	NA	G-TEC-R-U-T0	1.00E+02	0	20	0.00E+00
grazing	6/13/2023	06/14/2023	mTEC	NA	G-TEC-R-U-T0	1.00E+01	0	20	0.00E+00
grazing	6/13/2023	06/14/2023	mTEC	NA	G-TEC-R-U-T0	1.00E+00	0	20	0.00E+00
grazing	6/13/2023	06/14/2023	mTEC	NA	G-TEC-C2-U-T0	1.00E+02	0	20	0.00E+00
grazing	6/13/2023	06/14/2023	mTEC	NA	G-TEC-C2-U-T0	1.00E+01	0	20	0.00E+00
grazing	6/13/2023	06/14/2023	mTEC	NA	G-TEC-C2-U-T0	1.00E+00	0	20	0.00E+00
grazing	6/13/2023	06/14/2023	mTEC	NA	-TEC-N-U-T0	1.00E+00	0	20	0.00E+00
grazing	6/13/2023	06/14/2023	mTEC	NA	-TEC--K-	1.00E+06	3	20	1.50E+08
grazing	6/13/2023	06/14/2023	mTEC	NA	-TEC--K-	1.00E+05	10	20	5.00E+07
grazing	6/13/2023	06/14/2023	mTEC	NA	-TEC--K-	1.00E+04	87	20	4.35E+07
grazing	6/13/2023	06/14/2023	mTEC	NA	-TEC-N-U-	1.00E+00	0	20	0.00E+00
grazing	6/13/2023	06/14/2023	mTEC	NA	-TEC--F-	1.00E+00	0	20	0.00E+00
grazing	6/13/2023	06/14/2023	mTEC	NA	-NuA-F	1.00E+00	Lawn	20	Lawn
grazing	6/15/2023	06/16/2023	mTEC	15	G-1-F-K-T1	1.00E+03	0	20	0.00E+00
grazing	6/15/2023	06/16/2023	mTEC	15	G-1-F-K-T1	1.00E+02	9	20	4.50E+04
grazing	6/15/2023	06/16/2023	mTEC	15	G-1-F-K-T1	1.00E+01	33	20	1.65E+04
grazing	6/15/2023	06/16/2023	mTEC	15	G-1-F-K-T1	1.00E+00	TNTC	20	TNTC
grazing	6/15/2023	06/16/2023	mTEC	15	G-2-F-K-T1	1.00E+03	0	20	0.00E+00
grazing	6/15/2023	06/16/2023	mTEC	15	G-2-F-K-T1	1.00E+02	10	20	5.00E+04
grazing	6/15/2023	06/16/2023	mTEC	15	G-2-F-K-T1	1.00E+01	96	20	4.80E+04
grazing	6/15/2023	06/16/2023	mTEC	15	G-2-F-K-T1	1.00E+00	TNTC	20	TNTC
grazing	6/15/2023	06/16/2023	mTEC	15	G-1-25-K-T1	1.00E+03	1	20	5.00E+04
grazing	6/15/2023	06/16/2023	mTEC	15	G-1-25-K-T1	1.00E+02	5	20	2.50E+04
grazing	6/15/2023	06/16/2023	mTEC	15	G-1-25-K-T1	1.00E+01	71	20	3.55E+04
grazing	6/15/2023	06/16/2023	mTEC	15	G-1-25-K-T1	1.00E+00	TNTC	20	TNTC
grazing	6/15/2023	06/16/2023	mTEC	15	G-2-25-K-T1	1.00E+03	0	20	0.00E+00
grazing	6/15/2023	06/16/2023	mTEC	15	G-2-25-K-T1	1.00E+02	7	20	3.50E+04
grazing	6/15/2023	06/16/2023	mTEC	15	G-2-25-K-T1	1.00E+01	56	20	2.80E+04
grazing	6/15/2023	06/16/2023	mTEC	15	G-2-25-K-T1	1.00E+00	TNTC	20	TNTC
grazing	6/15/2023	06/16/2023	mTEC	15	G-1-50-K-T1	1.00E+03	0	20	0.00E+00
grazing	6/15/2023	06/16/2023	mTEC	15	G-1-50-K-T1	1.00E+02	18	20	9.00E+04
grazing	6/15/2023	06/16/2023	mTEC	15	G-1-50-K-T1	1.00E+01	84	20	4.20E+04
grazing	6/15/2023	06/16/2023	mTEC	15	G-1-50-K-T1	1.00E+00	TNTC	20	TNTC
grazing	6/15/2023	06/16/2023	mTEC	15	G-2-50-K-T1	1.00E+03	0	20	0.00E+00
grazing	6/15/2023	06/16/2023	mTEC	15	G-2-50-K-T1	1.00E+02	9	20	4.50E+04
grazing	6/15/2023	06/16/2023	mTEC	15	G-2-50-K-T1	1.00E+01	56	20	2.80E+04
grazing	6/15/2023	06/16/2023	mTEC	15	G-2-50-K-T1	1.00E+00	TNTC	20	TNTC
grazing	6/15/2023	06/16/2023	mTEC	15	G-1-75-K-T1	1.00E+03	0	20	0.00E+00
grazing	6/15/2023	06/16/2023	mTEC	15	G-1-75-K-T1	1.00E+02	18	20	9.00E+04
grazing	6/15/2023	06/16/2023	mTEC	15	G-1-75-K-T1	1.00E+01	110	20	5.50E+04
grazing	6/15/2023	06/16/2023	mTEC	15	G-1-75-K-T1	1.00E+00	TNTC	20	TNTC
grazing	6/15/2023	06/16/2023	mTEC	15	G-2-75-K-T1	1.00E+03	1	20	5.00E+04
grazing	6/15/2023	06/16/2023	mTEC	15	G-2-75-K-T1	1.00E+02	6	20	3.00E+04
grazing	6/15/2023	06/16/2023	mTEC	15	G-2-75-K-T1	1.00E+01	67	20	3.35E+04
grazing	6/15/2023	06/16/2023	mTEC	15	G-2-75-K-T1	1.00E+00	TNTC	20	TNTC
grazing	6/15/2023	06/16/2023	mTEC	15	G-1-R-K-T1	1.00E+03	0	20	0.00E+00
grazing	6/15/2023	06/16/2023	mTEC	15	G-1-R-K-T1	1.00E+02	15	20	7.50E+04
grazing	6/15/2023	06/16/2023	mTEC	15	G-1-R-K-T1	1.00E+01	37	20	1.85E+04
grazing	6/15/2023	06/16/2023	mTEC	15	G-1-R-K-T1	1.00E+00	TNTC	20	TNTC
grazing	6/15/2023	06/16/2023	mTEC	15	G-2-R-K-T1	1.00E+03	1	20	5.00E+04
grazing	6/15/2023	06/16/2023	mTEC	15	G-2-R-K-T1	1.00E+02	15	20	7.50E+04
grazing	6/15/2023	06/16/2023	mTEC	15	G-2-R-K-T1	1.00E+01	81	20	4.05E+04
grazing	6/15/2023	06/16/2023	mTEC	15	G-2-R-K-T1	1.00E+00	TNTC	20	TNTC
grazing	6/15/2023	06/16/2023	mTEC	15	G-1-C1-K-T1	1.00E+03	0	20	0.00E+00
grazing	6/15/2023	06/16/2023	mTEC	15	G-1-C1-K-T1	1.00E+02	23	20	1.15E+05
grazing	6/15/2023	06/16/2023	mTEC	15	G-1-C1-K-T1	1.00E+01	55	20	2.75E+04
grazing	6/15/2023	06/16/2023	mTEC	15	G-1-C1-K-T1	1.00E+00	TNTC	20	TNTC
grazing	6/15/2023	06/16/2023	mTEC	15	G-2-C1-K-T1	1.00E+03	1	20	5.00E+04
grazing	6/15/2023	06/16/2023	mTEC	15	G-2-C1-K-T1	1.00E+02	13	20	6.50E+04
grazing	6/15/2023	06/16/2023	mTEC	15	G-2-C1-K-T1	1.00E+01	128	20	6.40E+04
grazing	6/15/2023	06/16/2023	mTEC	15	G-2-C1-K-T1	1.00E+00	TNTC	20	TNTC
grazing	6/15/2023	06/16/2023	mTEC	15	G-1-C2-K-T1	1.00E+03	0	20	0.00E+00
grazing	6/15/2023	06/16/2023	mTEC	15	G-1-C2-K-T1	1.00E+02	6	20	3.00E+04
grazing	6/15/2023	06/16/2023	mTEC	15	G-1-C2-K-T1	1.00E+01	101	20	5.05E+04
grazing	6/15/2023	06/16/2023	mTEC	15	G-1-C2-K-T1	1.00E+00	TNTC	20	TNTC
grazing	6/15/2023	06/16/2023	mTEC	15	G-2-C2-K-T1	1.00E+03	2	20	1.00E+05
grazing	6/15/2023	06/16/2023	mTEC	15	G-2-C2-K-T1	1.00E+02	18	20	9.00E+04
grazing	6/15/2023	06/16/2023	mTEC	15	G-2-C2-K-T1	1.00E+01	155	20	7.75E+04
grazing	6/15/2023	06/16/2023	mTEC	15	G-2-C2-K-T1	1.00E+00	TNTC	20	TNTC
grazing	6/15/2023	06/16/2023	mTEC	15	-TEC-N-U-T1	1.00E+00	0	20	0.00E+00
grazing	6/15/2023	06/16/2023	mTEC	NA	-TEC-N-U-	1.00E+00	0	20	0.00E+00
